ID,파일명,대주제,불공정 약관 원문,시정 요청 사유,근거 조항(약관법),수정 후 약관 조항
V-001,AI_Generated_Data,면책조항의 금지,회사는 어떠한 피해배상도 하지 않는다.,사업자의 고의 또는 중과실로 인한 손해배상 책임을 포함한 모든 책임을 포괄적으로 면제하는 조항은 무효입니다.,약관법 제7조,"회사는 법령상 허용되는 범위 내에서 책임을 부담하며, 회사의 고의 또는 중과실로 인한 손해는 법률에 따라 배상합니다."
V-002,AI_Generated_Data,면책조항의 금지,서비스 이용으로 발생한 모든 손해에 대해 회사는 일절 책임지지 않는다.,고객에게 발생한 손해에 대해 사업자의 책임을 이유 없이 포괄적으로 면제하는 조항입니다. 사업자는 자신의 귀책사유로 인한 손해에 대해서는 배상 책임을 져야 합니다.,약관법 제7조,회사는 회사의 귀책사유로 인하여 회원에게 손해가 발생한 경우 관련 법령에 따라 배상 책임을 집니다.
V-003,AI_Generated_Data,일반원칙,회원은 게시물을 등록함과 동시에 해당 게시물의 모든 저작권을 회사에 양도한 것으로 간주한다.,"회원의 저작물에 대한 이용 허락은 서비스 제공에 필요한 최소한의 범위 내에서 이루어져야 함에도, 고객의 저작권을 포괄적으로 양도받는 불공정 조항입니다.",약관법 제6조,"회사는 회원의 게시물을 서비스 내 노출 등 서비스 제공 목적에 한하여 필요한 범위 내에서 사용할 수 있으며, 별도의 영리 목적 이용 시에는 회원에게 사전 동의를 받습니다."
V-004,AI_Generated_Data,"계약의 해제,해지",회사는 사전 통보 없이 언제든지 회원의 자격을 박탈할 수 있다.,"고객에게 부여된 해지/해제권을 상당한 이유 없이 배제하거나, 사업자에게 일방적인 해지권을 부여하는 조항입니다. 고객에게 시정 기회를 부여해야 합니다.",약관법 제9조,"회사는 회원이 본 약관을 위반하는 등 중대한 사유가 발생하는 경우, 회원에게 서면 통지하고 14일 이상의 시정 기간을 부여한 후 계약을 해지할 수 있습니다."
V-005,AI_Generated_Data,"손해배상액의 예정
계약의 해제,해지",이미 결제된 이용료는 어떠한 경우에도 환불되지 않는다.,"고객의 사정으로 계약이 해지되는 경우에도 고객은 잔여 기간에 대한 환불을 요구할 권리가 있으나, 이를 일방적으로 금지하고 있습니다.","약관법 제8조
약관법 제9조","회원의 귀책사유로 계약이 해지되는 경우, 회사는 전체 이용금액에서 이용일수에 해당하는 금액을 공제한 잔액을 환불합니다. (단, 위약금이 발생할 수 있습니다)"
V-006,AI_Generated_Data,면책조항의 금지,"데이터 유실에 대해 회사는 어떠한 책임도 지지 않으며, 백업은 전적으로 고객의 책임이다.","회사가 제공하는 서비스임에도 불구하고 데이터 보관/백업 의무를 다하지 않고, 데이터 유실에 대한 책임을 전적으로 고객에게 전가하는 불공정 조항입니다.",약관법 제7조,"회사는 안정적인 서비스 제공을 위해 데이터를 백업할 의무를 지며, 회사의 과실로 데이터가 유실된 경우 관련 법령에 따라 책임을 집니다."
V-007,AI_Generated_Data,채무의 이행,"회사는 공지 없이 서비스의 중요한 내용을 변경할 수 있으며, 이에 대해 회원은 이의를 제기할 수 없다.","서비스의 중요 내용을 변경할 때에는 고객에게 미리 통지해야 함에도, 통지 절차를 생략하고 고객의 이의제기권을 원천적으로 차단하고 있습니다.",약관법 제10조,"회사가 서비스의 중요한 내용을 변경하는 경우, 변경 7일 전에 공지하며 회원에게 불리한 변경의 경우 30일 전에 공지하고 동의를 받습니다."
V-008,AI_Generated_Data,소송 제기의 금지 등,회원은 어떠한 경우에도 회사를 상대로 소송을 제기할 수 없다.,고객의 소송 제기 권리 등 법률상의 권리를 상당한 이유 없이 배제하거나 제한하는 조항입니다.,약관법 제14조,본 계약에 관한 분쟁은 민사소송법상의 관할 법원에 제소할 수 있습니다.
V-010,AI_Generated_Data,고객의 권익 보호,회원이 작성한 게시물의 저작권은 별도의 동의 없이 회사가 소유한다.,"저작권법상 회원에게 보장된 저작권을 상당한 이유 없이 사업자에게 포괄적으로 귀속시키는 조항으로, 법률에 따른 고객의 권리를 부당하게 제한합니다.",약관법 제11조 제1호,"회사는 회원의 게시물을 서비스 제공 목적 내에서만 사용하며, 영리 이용 시 회원 동의를 받습니다."
V-011,AI_Generated_Data,고객의 권익 보호,"회원은 모든 게시물 권리를 회사에 양도해야 하며, 철회할 수 없다.","서비스 제공에 필요한 범위를 넘어 회원의 저작재산권을 일방적으로 양도하고 철회권까지 제한하는 조항으로, 법률에 따른 고객의 권익을 침해합니다.",약관법 제11조 제1호,"회사는 게시물 사용 범위를 서비스 제공 목적 내로 제한하며, 별도 상업적 사용 시 동의를 받습니다."
V-012,AI_Generated_Data,고객의 권익 보호,회원이 올린 콘텐츠에 대한 모든 권리는 회사에 귀속된다.,"창작자인 회원에게 부여된 저작권을 상당한 이유 없이 배제하고 사업자에게 모두 귀속시키는 조항으로, 법률에 따른 고객의 권리를 부당하게 제한합니다.",약관법 제11조 제1호,"회사는 회원 콘텐츠를 서비스 제공 목적으로만 사용하고, 추가 사용 시 동의를 요청합니다."
V-013,AI_Generated_Data,고객의 권익 보호,회원은 게시물을 등록함과 동시에 회사에 완전한 소유권을 이전한다.,"회원의 게시물 등록 행위를 저작권의 포괄적 양도 의사표시로 간주하는 조항으로, 법률에 따른 고객의 권리를 상당한 이유 없이 제한합니다.",약관법 제11조 제1호,"회원 게시물은 서비스 제공 범위 내에서만 사용하며, 상업적 이용 시 사전 동의를 받습니다."
V-014,AI_Generated_Data,고객의 권익 보호,회원이 작성한 글과 사진의 저작권은 자동으로 회사에 귀속된다.,"저작권법상 창작자에게 원시적으로 귀속되는 저작권을 자동으로 사업자에게 이전시키는 조항으로, 법률에 따른 고객의 권익을 부당하게 침해합니다.",약관법 제11조 제1호,"회사는 회원의 게시물을 서비스 내 활용 목적으로만 사용하며, 추가 사용 시 동의를 구합니다."
V-015,AI_Generated_Data,고객의 권익 보호,회원이 등록한 콘텐츠는 별도의 동의 없이 회사가 자유롭게 이용할 수 있다.,"회원의 개별적 동의 없이 저작재산권 이용을 포괄적으로 허락하게 하는 조항으로, 법률에 따른 고객의 권리를 상당한 이유 없이 제한합니다.",약관법 제11조 제1호,"회사는 게시물을 서비스 제공 범위 내에서만 이용하며, 다른 목적 사용 시 동의를 받습니다."
V-016,AI_Generated_Data,고객의 권익 보호,"회사는 회원 게시물에 대한 모든 권리를 소유하며, 회원은 이를 철회할 수 없다.","회원의 저작권을 사업자에게 일방적으로 귀속시키고 철회권마저 배제하는 조항으로, 법률에 따른 고객의 권리를 부당하게 제한합니다.",약관법 제11조 제1호,"회원 게시물은 서비스 목적 범위 내에서만 사용하고, 추가 목적 시 동의를 요청합니다."
V-017,AI_Generated_Data,고객의 권익 보호,회원이 제공한 콘텐츠는 등록과 동시에 회사 소유로 간주된다.,저작권법상 회원에게 보장된 권리를 상당한 이유 없이 배제하고 등록과 동시에 사업자에게 포괄적으로 이전시키는 조항입니다.,약관법 제11조 제1호,"회사는 콘텐츠를 서비스 제공 목적으로만 사용하며, 상업적 이용 시 별도 동의를 받습니다."
V-018,AI_Generated_Data,고객의 권익 보호,"회원은 게시물 권리를 회사에 양도하며, 회사는 이를 제한 없이 사용할 수 있다.","저작재산권의 양도 및 이용 범위를 제한 없이 설정하여, 법률에 따른 고객의 권리를 상당한 이유 없이 배제하거나 제한하는 조항입니다.",약관법 제11조 제1호,"회사는 서비스 제공 범위 내에서만 게시물을 활용하며, 영리 이용 시 동의를 구합니다."
V-019,AI_Generated_Data,고객의 권익 보호,"회원이 등록한 콘텐츠는 회사가 소유하며, 삭제 요구는 인정되지 않는다.","회원의 저작권을 포괄적으로 귀속시키고 저작인격권에 기반한 삭제 요구 권리까지 제한하는 조항으로, 고객의 권익을 부당하게 침해합니다.",약관법 제11조 제1호,"회원 콘텐츠는 서비스 목적 범위 내에서만 사용하며, 삭제 요청 시 검토 후 처리합니다."
V-020,AI_Generated_Data,고객의 권익 보호,"회원이 만든 자료는 회사에 귀속되며, 회원은 어떠한 권리 주장도 할 수 없다.","회원의 저작권을 포함한 모든 권리 주장을 원천적으로 배제하는 조항으로, 법률에 따른 고객의 권리를 상당한 이유 없이 박탈합니다.",약관법 제11조 제1호,"회원 자료는 서비스 제공 목적 내 사용에 한정하며, 추가 사용 시 동의를 받습니다."
V-021,AI_Generated_Data,고객의 권익 보호,"회원의 게시물은 회사 소유로 자동 귀속되며, 반환 요구가 불가하다.","저작권을 자동으로 귀속시키고 데이터 반환 요구권까지 배제하는 조항으로, 법률에 따른 고객의 권리를 부당하게 제한합니다.",약관법 제11조 제1호,"회사는 게시물을 서비스 제공 범위 내에서만 활용하며, 반환 요청 시 합리적으로 검토합니다."
V-022,AI_Generated_Data,고객의 권익 보호,회원이 만든 콘텐츠는 즉시 회사 소유로 이전된다.,"저작권법상 창작과 동시에 회원에게 발생하는 저작권을 즉시, 포괄적으로 사업자에게 이전시키는 조항으로 고객의 권익을 침해합니다.",약관법 제11조 제1호,"콘텐츠 사용은 서비스 제공 목적 내로 제한하며, 추가 이용 시 동의를 받습니다."
V-023,AI_Generated_Data,고객의 권익 보호,회원이 작성한 글과 이미지는 회사가 전적으로 소유한다.,"서비스 제공에 필요한 범위를 현저히 초과하여 회원의 저작재산권을 전적으로 사업자에게 귀속시키는 조항으로, 고객의 권리를 부당하게 제한합니다.",약관법 제11조 제1호,"회사는 회원 콘텐츠를 서비스 목적 범위 내에서만 사용하며, 다른 목적 시 동의를 구합니다."
V-024,AI_Generated_Data,고객의 권익 보호,"회원이 올린 자료는 회사 소유이며, 회원은 철회할 수 없다.","회원의 저작권을 일방적으로 사업자에게 귀속시키고 이에 대한 철회 기회조차 배제하는 조항으로, 법률상 고객의 권리를 침해합니다.",약관법 제11조 제1호,"회원 자료는 서비스 제공 목적으로만 사용하며, 별도 이용 시 동의를 받습니다."
V-025,AI_Generated_Data,고객의 권익 보호,"회원이 제공한 모든 콘텐츠는 회사가 소유하며, 반환 요청은 인정되지 않는다.","회원의 저작권을 포괄적으로 박탈하고 데이터 반환 요청을 원천적으로 배제하는 조항으로, 법률에 따른 고객의 권리를 부당하게 제한합니다.",약관법 제11조 제1호,"회사는 게시물을 서비스 목적 범위 내에서만 사용하며, 반환 요청 시 검토 후 처리합니다."
V-026,AI_Generated_Data,고객의 권익 보호,"회원 게시물에 대한 권리는 회사에 귀속되고, 회원은 사용 제한을 요구할 수 없다.","회원의 저작권을 사업자에게 귀속시키고 자신의 저작물에 대한 이용 제한 요구 권리까지 배제하는 조항으로, 고객의 권익을 침해합니다.",약관법 제11조 제1호,"회사는 게시물을 서비스 제공 목적 내에서만 활용하며, 제한 요청 시 합리적으로 처리합니다."
V-027,AI_Generated_Data,고객의 권익 보호,회원이 등록한 글과 사진은 회사 소유로 즉시 간주된다.,"별도의 양도 계약이나 합의 없이, 등록이라는 사실만으로 저작권을 포괄적으로 이전시키는 조항으로 법률에 따른 고객의 권리를 부당하게 제한합니다.",약관법 제11조 제1호,"콘텐츠 사용은 서비스 제공 범위 내에서만 가능하며, 추가 목적은 회원 동의를 받습니다."
V-028,AI_Generated_Data,고객의 권익 보호,"회원 콘텐츠는 회사 소유이며, 회원은 권리를 주장할 수 없다.","회원의 저작권을 사업자에게 귀속시키고, 저작인격권을 포함한 어떠한 권리 주장도 할 수 없도록 제한하는 조항입니다.",약관법 제11조 제1호,"회사는 게시물을 서비스 목적 내에서만 사용하고, 추가 이용은 동의를 받습니다."
V-029,AI_Generated_Data,고객의 권익 보호,회원이 만든 모든 자료는 회사 소유로 간주된다.,"저작권법의 대원칙을 무시하고 회원이 창작한 모든 저작물의 권리를 사업자에게 자동으로 귀속시키는 조항으로, 고객의 권리를 부당하게 침해합니다.",약관법 제11조 제1호,"회원 자료는 서비스 제공 범위 내 사용에 한정하며, 추가 사용 시 동의를 받습니다."
V-030,AI_Generated_Data,손해배상액의 예정,"회원이 월 이용료를 하루라도 연체할 경우, 잔여 계약기간 총 이용료의 50%를 위약금으로 즉시 납부해야 한다.",고객에게 부당하게 과중한 손해배상 의무를 부담시키는 조항입니다. 연체로 인한 실제 손해에 비해 위약금이 지나치게 높게 산정되었습니다.,약관법 제8조,"회원이 이용료를 연체하는 경우, 연체된 금액에 대해 연 12%의 지연손해금을 부과합니다."
V-031,AI_Generated_Data,"계약의 해제,해지",회원은 서비스 개시 이후에는 어떠한 사유로도 중도 해지가 불가능하다.,법률에 따라 고객에게 부여된 해제권 또는 해지권을 상당한 이유 없이 배제하거나 그 행사를 제한하는 조항입니다.,약관법 제9조,"회원은 언제든지 계약을 해지할 수 있습니다. 단, 해지 시점까지의 이용료와 별도 위약금이 부과될 수 있습니다."
V-032,AI_Generated_Data,소송 관할의 합의,본 계약과 관련된 모든 분쟁은 회사의 본점 소재지를 관할하는 법원을 전속적 합의 관할로 합니다.,"민사소송법상의 관할 규정에도 불구하고, 고객에게 현저히 불리한 재판관할을 설정하여 소 제기 권리를 실질적으로 제한하는 조항입니다.",약관법 제14조,본 계약에 관한 분쟁은 민사소송법에서 정한 바에 따릅니다.
V-033,AI_Generated_Data,면책조항의 금지,"회사는 제휴업체가 제공하는 정보의 정확성에 대해 어떠한 책임도 지지 않으며, 모든 책임은 회원에게 있습니다.","사업자가 제3자(제휴업체)를 통해 이행을 보조하는 부분에 대해, 사업자 자신의 책임을 부당하게 면제하는 조항입니다.",약관법 제7조,"회사는 제휴업체 정보의 정확성을 위해 노력하며, 회사의 중대한 과실로 인해 잘못된 정보가 제공되어 손해가 발생한 경우 책임을 부담합니다."
V-034,AI_Generated_Data,의사표시의 의제,회사가 약관 변경을 통지한 후 7일 내에 회원이 이의를 제기하지 않으면 변경된 약관에 동의한 것으로 간주합니다.,"법률 규정과 달리, 고객의 의사표시가 없는 경우 특정 의사표시를 한 것으로 보는 조항은 고객에게 부당하게 불리할 수 있습니다.",약관법 제12조,"회사가 약관을 변경할 경우, 회원은 변경에 동의하지 않을 권리가 있으며, 기간 내 거부 의사를 표시하지 않으면 동의한 것으로 봅니다. (단, 불리한 변경 시에는 개별 동의 필요)"
V-035,AI_Generated_Data,채무의 이행,회사는 경영상의 판단에 따라 사전 고지 없이 언제든지 서비스 제공을 일시적으로 중단할 수 있다.,상당한 이유 없이 사업자가 이행해야 할 급부(서비스 제공)를 일방적으로 중지할 수 있도록 하여 고객에게 부당한 위험을 부담시키는 조항입니다.,약관법 제10조,"회사는 시스템 점검 등 부득이한 사유 발생 시 최소 24시간 전에 공지하고 서비스를 중단할 수 있습니다. 단, 긴급 장애 발생 시에는 선 조치 후 공지할 수 있습니다."
V-036,AI_Generated_Data,"계약의 해제,해지","회원이 1회 이상 약관을 위반한 경우, 회사는 즉시 계약을 해지하고 잔여 이용료를 반환하지 않는다.","사소한 의무 위반만으로도 사업자가 일방적으로 계약을 해지할 수 있도록 하고, 고객의 환불 권리를 부당하게 박탈하는 조항입니다.",약관법 제9조,"회원이 약관의 중대한 조항을 위반하고 시정 요구에도 응하지 않을 경우 계약을 해지할 수 있으며, 환불 규정에 따라 잔여 금액을 정산합니다."
V-037,AI_Generated_Data,손해배상액의 예정,"회원의 귀책사유로 장비가 파손될 경우, 회원은 장비의 잔존가치와 무관하게 구매 당시 가격 전액을 배상해야 한다.",고객의 손해배상 범위를 부당하게 확대하여 과중한 의무를 부담시키는 조항입니다. 실제 손해는 감가상각을 고려한 잔존가치를 기준으로 산정되어야 합니다.,약관법 제8조,"회원의 귀책사유로 장비가 파손될 경우, 회원은 해당 장비의 감가상각을 고려한 잔존가치를 기준으로 손해를 배상해야 합니다."
V-038,AI_Generated_Data,고객의 권익 보호,회원은 구매한 디지털 콘텐츠에 대해 어떠한 경우에도 청약 철회를 할 수 없다.,전자상거래법 등 법률에서 보장하는 고객의 청약철회권을 상당한 이유 없이 배제하거나 제한하는 조항입니다.,약관법 제11조,"회원은 관련 법령(전자상거래법 등)에 따라 청약 철회가 가능한 경우, 규정에 따라 청약을 철회할 수 있습니다."
V-039,AI_Generated_Data,면책조항의 금지,"회사는 서비스 장애로 인해 발생한 회원의 간접적, 결과적 손해(사업 손실 등)에 대해서는 책임지지 않는다.","사업자의 귀책사유로 인한 채무 불이행의 경우, 특별손해(결과적 손해)에 대해서도 사업자가 그 사정을 알았거나 알 수 있었을 때에는 배상 책임이 있으나 이를 부당하게 면제하고 있습니다.",약관법 제7조,"회사는 회사의 귀책사유로 인한 서비스 장애 발생 시, 관련 법령이 정하는 범위 내에서 회원의 손해를 배상합니다."
V-040,AI_Generated_Data,"계약의 해제,해지",본 유료 서비스는 계약 만료 1개월 전까지 해지 신청을 하지 않으면 동일한 조건으로 자동 연장된다.,"계약의 자동 연장 조항은 그 자체로 무효는 아니나, 고객이 인지하기 어려운 방식으로 장기간의 사전 통지 의무를 부과하여 해지권을 실질적으로 제한합니다.",약관법 제9조,본 계약은 만료 1개월 전까지 양 당사자의 별도 의사표시가 없는 경우 동일 조건으로 1개월 단위로 자동 연장됩니다. 회사는 계약 만료 7일 전 이 사실을 회원에게 통지합니다.
V-041,AI_Generated_Data,고객의 권익 보호,회원은 회사에 대한 채권을 타인에게 양도할 수 없다.,"법률상 자유롭게 양도할 수 있는 고객의 채권(환불금 등)에 대해, 그 양도를 상당한 이유 없이 금지하는 조항입니다.",약관법 제11조,"회원은 회사에 대한 채권을 제3자에게 양도할 수 있습니다. 단, 양도 사실을 회사에 통지해야 합니다."
V--042,AI_Generated_Data,채무의 이행,"회원이 제공한 개인정보가 사실과 다를 경우, 모든 법적 책임은 회원에게 있으며 회사는 어떠한 의무도 부담하지 않는다.","개인정보 오기재의 경우에도 회사는 서비스 제공 및 개인정보 보호 의무를 부담하나, 이를 포괄적으로 면제하고 모든 책임을 고객에게 전가하는 조항입니다.",약관법 제6조,"회원은 정확한 정보를 제공할 의무가 있습니다. 정보 오기재로 인한 불이익은 회원의 책임이나, 회사는 법령상 부과된 의무를 다합니다."
V-043,AI_Generated_Data,"계약의 해제,해지","회원이 탈퇴한 경우, 회원이 보유한 모든 포인트와 쿠폰은 즉시 소멸되며 복구되지 않는다.","고객이 탈퇴하더라도 잔여 포인트 등은 재산적 가치가 있으므로, 일정 기간 유예나 환급 절차 없이 즉시 소멸시키는 것은 고객에게 부당하게 불리합니다.",약관법 제6조,"회원 탈퇴 시, 잔여 포인트는 관련 법령 및 포인트 정책에 따라 환급 또는 소멸되며, 소멸 전 회원에게 사전 고지합니다."
V-044,AI_Generated_Data,손해배상액의 예정,"회원이 예약을 취소할 경우, 예약 시점과 무관하게 총 이용금액의 80%를 위약금으로 부과한다.","취소 시점에 따라 사업자의 실제 손해액이 달라짐에도 불구하고, 일률적으로 과도한 위약금을 부과하는 것은 고객에게 부당하게 불리한 조항입니다.",약관법 제8조,"예약 취소 시, 공정거래위원회 소비자분쟁해결기준에 따라 취소 시점별로 차등적인 위약금이 부과됩니다."
V-045,AI_Generated_Data,면책조항의 금지,"천재지변, DDoS 공격 등 불가항력으로 인한 서비스 중단에 대해 회사는 책임을 지지 않는다.","DDoS 공격 등은 사업자가 충분히 예견하고 방어해야 할 기술적 위험에 해당할 수 있음에도, 이를 포괄적인 면책 사유로 규정하여 사업자의 책임 범위를 부당하게 축소하고 있습니다.",약관법 제7조,"회사는 천재지변 등 진정한 불가항력으로 인한 서비스 중단에 대해서는 책임을 지지 않습니다. 단, 해킹 등 기술적 침해에 대해서는 방어 의무를 다하며, 과실이 있는 경우 책임을 집니다."
V--046,AI_Generated_Data,고객의 권익 보호,"회원은 구매한 상품에 하자가 있더라도, 수령 후 24시간 이내에 이의를 제기하지 않으면 환불 및 교환을 요청할 수 없다.",민법 등 관련 법률에서 보장하는 고객의 하자담보책임 기간(예: 안 날로부터 30일)을 상당한 이유 없이 부당하게 단축하는 조항입니다.,약관법 제11조,"구매한 상품에 하자가 있는 경우, 회원은 관련 법령(민법, 전자상거래법 등)에서 정한 기간 내에 교환 및 환불을 요청할 수 있습니다."
V-047,AI_Generated_Data,"계약의 해제,해지","회사의 사정으로 계약이 해지되는 경우, 회사는 이용료 환불 외에 별도의 손해배상을 하지 않는다.","사업자의 귀책사유로 계약이 해지되어 고객에게 추가적인 손해가 발생한 경우, 고객은 손해배상을 청구할 권리가 있으나 이를 원천적으로 배제하고 있습니다.",약관법 제7조,"회사의 귀책사유로 계약이 해지되는 경우, 회사는 이용료 환불 규정에 따름과 동시에 이로 인해 회원이 입은 손해를 법률에 따라 배상합니다."
V-048,AI_Generated_Data,채무의 이행,신규 서비스 출시 및 이벤트 내용은 회사의 정책에 따라 공지 없이 변경되거나 중단될 수 있다.,"고객의 신뢰와 예측 가능성을 저해하는 조항입니다. 특히 고객이 특정 혜택을 기대하고 계약을 체결한 경우, 일방적인 변경/중단은 부당합니다.",약관법 제10조,"회사는 신규 서비스 및 이벤트 내용을 변경할 경우, 사전에 그 내용을 공지하여야 합니다. 단, 부득이한 경우 예외로 할 수 있습니다."
V-049,AI_Generated_Data,소송 제기의 금지 등,회원은 본 계약과 관련하여 소비자보호원 등 분쟁조정기구에 조정을 신청할 수 없다.,고객이 법원에 소를 제기하기 전 분쟁을 해결할 수 있는 법률상 권리(조정신청권)를 상당한 이유 없이 배제하는 조항입니다.,약관법 제14조,"회원은 본 계약과 관련하여 분쟁 발생 시, 법원에 소를 제기하기 전에 관련 법률에 따라 분쟁조정기구에 조정을 신청할 수 있습니다."
V-050,AI_Generated_Data,손해배상액의 예정,"회원이 작성한 후기가 허위 사실로 판명될 경우, 회원은 회사에 1,000만 원의 손해배상금을 지급해야 한다.","실제 손해액을 입증하기 어려운 경우를 대비한 손해배상액의 예정이라 하더라도, 그 금액이 부당하게 과다하여 고객의 표현의 자유를 위축시킬 수 있습니다.",약관법 제8조,"회원의 허위 후기로 인해 회사에 손해가 발생한 경우, 회원은 그 실제 손해액을 배상할 책임을 집니다."
V-051,AI_Generated_Data,고객의 권익 보호,회원은 어떠한 경우에도 회사의 채무와 자신의 채무를 상계할 수 없다.,"민법상 고객에게 보장된 상계권을 상당한 이유 없이 배제하는 조항으로, 고객의 권익을 부당하게 침해합니다.",약관법 제11조,"회원은 회사에 대한 채권을 보유한 경우, 회사의 회원에 대한 채권과 법률이 정하는 바에 따라 상계할 수 있습니다."
V-052,AI_Generated_Data,면책조항의 금지,비밀번호 등 접근정보가 유출되어 발생한 모든 금융사고의 책임은 전적으로 회원에게 있다.,"사업자는 접근정보 유출을 방지할 보안 시스템을 구축하고 유지할 의무가 있으나, 그 책임을 전적으로 고객에게 전가하고 사업자의 책임을 부당하게 면제하는 조항입니다.",약관법 제7조,"회원은 자신의 접근정보를 안전하게 관리할 책임이 있습니다. 단, 회사의 보안 시스템상 과실로 인해 정보가 유출되어 손해가 발생한 경우 회사가 책임을 부담합니다."
V-053,AI_Generated_Data,일반원칙,본 약관에 명시되지 않은 사항은 회사가 정하는 별도의 관례에 따른다.,"약관에 규정되지 않은 중요한 사항을 법률이나 사회상규가 아닌, 사업자가 일방적으로 정하는 '관례'에 따르도록 하는 것은 고객에게 예측 불가능한 위험을 부담시키는 불공정 조항입니다.",약관법 제6조,본 약관에 명시되지 않은 사항에 대해서는 관련 법령 및 공정한 일반 상관례에 따릅니다.
V-054,AI_Generated_Data,"계약의 해제,해지","회원이 3개월 이상 서비스를 이용하지 않을 경우, 회사는 통보 없이 계정을 삭제하고 모든 데이터를 파기할 수 있다.","장기 미이용을 이유로 계정을 삭제하더라도, 고객의 재산인 데이터를 복구할 기회나 사전 통지 없이 일방적으로 처리하는 것은 고객의 권리를 부당하게 침해합니다.",약관법 제9조,"회사는 회원이 1년 이상 서비스를 이용하지 않을 경우, 휴면 계정으로 전환하고 30일 전에 이메일 등으로 통지한 후 계정 및 데이터를 삭제할 수 있습니다."
V-055,AI_Generated_Data,손해배상액의 예정,"회원이 타인의 지식재산권을 침해한 경우, 회원은 이로 인해 회사가 입은 모든 유무형의 손해를 배상해야 한다.",모든 유무형의 손해'라는 불명확한 개념을 사용하여 고객의 손해배상 범위를 부당하게 확대할 위험이 있는 조항입니다.,약관법 제6조,"회원의 행위로 인해 타인의 지식재산권이 침해되어 회사에 손해가 발생한 경우, 회원은 법률상 인과관계가 인정되는 범위 내에서 그 손해를 배상합니다."
V-056,AI_Generated_Data,채무의 이행,포인트의 유효기간은 회사의 정책에 따라 별도 고지 없이 변경될 수 있다.,고객의 재산적 가치와 직결되는 포인트 유효기간을 사전 고지 없이 일방적으로 변경할 수 있도록 하여 고객에게 부당하게 불리한 조항입니다.,약관법 제10조,"회사는 포인트 유효기간 등 중요한 정책을 변경하는 경우, 최소 30일 전에 회원에게 공지해야 하며, 불리한 변경 시에는 동의를 받아야 합니다."
V-057,AI_Generated_Data,고객의 권익 보호,회원이 게시한 모든 게시물은 공공의 이익을 위해 회사가 영구적으로 보존하고 사용할 수 있다.,"공공의 이익'이라는 추상적이고 포괄적인 사유를 들어 고객의 저작물에 대한 통제권(삭제, 수정 등)을 영구적으로 박탈하는 것은 부당한 권리 제한입니다.",약관법 제11조,"회사는 법령에 따른 보관 의무가 있는 경우를 제외하고는, 회원의 삭제 요청 시 게시물을 삭제 처리합니다."
V-058,AI_Generated_Data,면책조항의 금지,회사는 웹사이트에 표시되는 광고 내용의 진실성에 대해 보증하지 않으며 어떠한 책임도 지지 않는다.,"사업자는 자신이 매개하는 광고의 내용에 대해 일정한 검토 의무가 있음에도 불구하고, 관련 책임을 포괄적으로 면제하여 고객을 위험에 노출시키는 조항입니다.",약관법 제7조,"회사는 건전한 광고가 노출되도록 노력하며, 회사가 광고 내용이 허위임을 알았거나 알 수 있었음에도 방치하여 회원에게 손해가 발생한 경우 책임을 질 수 있습니다."
V-059,AI_Generated_Data,"계약의 해제,해지","이용요금 인상에 동의하지 않는 회원은 서비스를 해지할 수 있으나, 잔여기간에 대한 환불은 불가하다.","사업자의 요금 인상이라는 중대한 계약 변경에 대해 고객이 동의하지 않아 계약을 해지하는 경우, 고객에게 귀책사유가 없음에도 환불을 거부하는 것은 부당합니다.",약관법 제9조,"회사는 이용요금 인상에 동의하지 않는 회원이 계약을 해지할 경우, 위약금 없이 잔여 이용료를 비례 계산하여 환불합니다."
V-060,AI_Generated_Data,대리인의 책임 가중,회원의 가족이나 동거인이 회원 계정으로 일으킨 문제에 대해서는 회원이 모든 책임을 진다.,"고객의 대리인(가족 등)이 한 행위에 대해, 고객의 귀책사유(감독 소홀 등)를 따지지 않고 포괄적으로 고객에게 책임을 부담시키는 부당한 조항입니다.",약관법 제13조,회원은 자신의 계정 정보가 타인에게 유출되지 않도록 관리할 책임이 있습니다. 회원의 관리 소홀로 인해 발생한 문제에 대해서는 회원이 책임을 부담할 수 있습니다.
V-061,AI_Generated_Data,일반원칙,"본 약관의 해석에 이견이 있을 경우, 회사의 해석이 최종적이며 우선한다.","약관의 뜻이 명백하지 아니한 경우 고객에게 유리하게 해석해야 함에도, 사업자에게 일방적으로 유리한 해석 권한을 부여하는 불공정 조항입니다.",약관법 제6조,"본 약관의 해석에 이견이 있는 경우, 약관법 등 관련 법령에 따라 공정하게 해석합니다."
V-062,AI_Generated_Data,소송 제기의 금지 등,회원은 어떠한 경우에도 회사를 상대로 집단 소송에 참여하거나 제기할 수 없다.,법률에 따라 보장된 고객의 집단소송 권리를 상당한 이유 없이 원천적으로 배제하거나 제한하는 조항입니다.,약관법 제14조,본 계약과 관련된 분쟁은 법률이 정하는 절차에 따라 해결할 수 있습니다.
V-063,AI_Generated_Data,의사표시의 의제,"회사가 발송한 이메일이 반송되더라도, 발송 시점에 회원에게 도달된 것으로 간주한다.","고객이 실제로 통지를 받지 못했음에도 불구하고, 사업자의 발송 행위만으로 의사표시가 도달했다고 간주하여 고객의 이익을 침해할 우려가 있는 조항입니다.",약관법 제12조,"회사가 발송한 이메일이 회원에게 도달되지 않은 경우, 회사는 SMS 발송 등 추가적인 방법으로 통지를 위해 노력해야 합니다."
V-064,AI_Generated_Data,면책조항의 금지,회사는 웹사이트의 보안 침해 사고로 인한 회원의 개인정보 유출에 대해 어떠한 책임도 지지 않는다.,"정보통신망법 등에 따라 사업자는 개인정보를 보호할 기술적, 관리적 조치를 취할 의무가 있으나, 이를 위반하여 발생한 손해에 대한 책임을 부당하게 면제하는 조항입니다.",약관법 제7조,"회사는 개인정보 보호를 위한 기술적, 관리적 조치를 다하며, 회사의 과실로 개인정보가 유출되어 회원에게 손해가 발생한 경우 법률에 따라 배상합니다."
V-065,AI_Generated_Data,고객의 권익 보호,"회원은 서비스의 결함이나 하자에 대해 회사가 아닌, 해당 서비스를 공급한 원제작사에게만 책임을 물을 수 있다.","고객은 계약 당사자인 회사에 하자담보책임을 물을 권리가 있음에도, 그 책임을 제3자에게 전가하여 고객의 권리 행사를 부당하게 제한하는 조항입니다.",약관법 제11조,"회사는 자신이 제공하는 서비스의 하자에 대해 법률상 책임을 부담하며, 필요한 경우 회사가 원제작사에 구상권을 행사합니다."
V-066,AI_Generated_Data,채무의 이행,회사는 내부 사정에 따라 회원이 구매한 상품을 동급의 다른 상품으로 임의로 대체하여 배송할 수 있다.,계약의 본질적인 내용인 '특정 상품의 제공' 의무를 사업자가 상당한 이유 없이 일방적으로 변경할 수 있도록 하는 조항입니다.,약관법 제10조,"상품이 품절되는 등 부득이한 사유로 제공이 불가능한 경우, 회사는 회원에게 즉시 알리고 동의를 얻은 후 동급 이상의 다른 상품으로 대체하거나 환불 조치합니다."
V-067,AI_Generated_Data,손해배상액의 예정,"회원의 불법 행위로 인해 회사의 이미지가 실추된 경우, 회원은 회사에 5천만 원을 배상해야 한다.",이미지 실추'라는 추상적인 손해에 대해 구체적인 산정 기준 없이 과도한 금액을 손해배상액으로 예정하여 고객에게 과중한 의무를 부담시키는 조항입니다.,약관법 제8조,"회원의 불법 행위로 인해 회사에 손해가 발생한 경우, 회원은 법률상 인과관계가 있는 손해를 배상할 책임을 집니다."
V--068,AI_Generated_Data,"계약의 해제,해지","정기 구독 서비스의 중도 해지 시, 이미 지불한 구독료에서 사용 기간을 '정상가' 기준으로 공제하고 환불한다.","할인된 가격으로 계약을 체결했음에도, 해지 시에만 고객에게 불리한 '정상가'를 소급 적용하여 환불 금액을 부당하게 축소하는 조항입니다.",약관법 제9조,"정기 구독 서비스의 중도 해지 시, 실제 결제 금액을 기준으로 이용 기간을 일할 계산하여 공제한 후 잔액을 환불합니다. (단, 위약금이 발생할 수 있습니다.)"
V-069,AI_Generated_Data,일반원칙,서비스 장애의 발생 원인에 대한 증명 책임은 전적으로 고객에게 있다.,"서비스 장애 원인은 사업자가 내부 시스템을 통해 더 쉽게 확인할 수 있음에도, 기술적 약자인 고객에게 일방적으로 증명 책임을 전가하는 불공정 조항입니다.",약관법 제6조,"서비스 장애 발생 시, 양 당사자는 문제 해결을 위해 성실히 협조하며, 장애 원인에 대한 정보는 회사가 투명하게 제공합니다."
V-070,AI_Generated_Data,대리인의 책임 가중,고객이 지정한 대리인(설치 기사 등)의 과실로 인해 발생한 모든 손해는 고객이 책임진다.,"고객이 지정한 대리인이라 하더라도, 그 대리인의 고의 또는 중과실에 대한 책임까지 고객에게 부담시키는 것은 부당하게 책임을 가중시키는 조항입니다.",약관법 제13조,고객이 지정한 대리인의 행위에 대해서는 민법 등 관련 법령의 원칙에 따라 책임 소재를 정합니다.
V-071,AI_Generated_Data,소송 제기의 금지 등,모든 법적 분쟁은 소송에 앞서 회사가 지정하는 중재 기관의 조정을 반드시 거쳐야 한다.,"법원에 소를 제기할 고객의 권리를 제한하고, 사업자에게 유리할 수 있는 특정 중재 절차를 강제하는 조항입니다.",약관법 제14조,"고객은 분쟁 발생 시, 중재를 신청하거나 법원에 직접 소송을 제기하는 등 법률이 정한 분쟁 해결 절차를 자유롭게 선택할 수 있습니다."
V-072,AI_Generated_Data,의사표시의 의제,회원이 주소 변경 사실을 회사에 알리지 않아 발생한 모든 불이익(통지 미수신 등)은 회원의 책임으로 한다.,"회사가 고객의 주소 변경을 쉽게 확인할 수 있는 다른 방법이 있음에도, 통지 의무만을 формально 내세워 책임을 고객에게 전가할 수 있는 조항입니다.",약관법 제12조,"회원은 주소 등 정보 변경 시 회사에 통지해야 합니다. 회사는 중요한 통지의 경우, 이메일, SMS 등 다양한 수단을 통해 도달되도록 노력합니다."
V-073,AI_Generated_Data,면책조항의 금지,"법률 개정으로 인해 서비스 제공이 불가능하게 된 경우, 회사는 이용료 환불 외에 어떠한 책임도 지지 않는다.","법률 개정과 같은 위험은 사업자가 사업 영위 시 고려해야 할 부분임에도, 이로 인한 계약 이행 불능의 책임을 고객에게 전가하고 사업자는 면책되는 불공정 조항입니다.",약관법 제7조,"법률 개정으로 서비스 제공이 불가능하게 된 경우, 회사는 계약을 해지하고 잔여 이용료를 환불하며, 변경된 법률이 허용하는 범위 내에서 고객 보호 조치를 취합니다."
V-074,AI_Generated_Data,고객의 권익 보호,회원이 구매 확정 버튼을 누른 이후에는 상품의 명백한 하자 발견 시에도 교환이나 환불이 절대 불가하다.,"구매 확정 여부와 관계없이 고객은 민법 및 전자상거래법에 따라 하자담보책임을 물을 권리가 있으나, 이를 부당하게 배제하는 조항입니다.",약관법 제11조,"상품의 하자가 구매 확정 이후에 발견된 경우라도, 회원은 관련 법령에서 정한 기간 내에는 교환 및 환불을 요구할 수 있습니다."
V-075,AI_Generated_Data,채무의 이행,회사는 매월 1일로 예정된 콘텐츠 업데이트를 회사 사정에 따라 최대 15일까지 지연할 수 있다.,"사업자의 급부 이행 시기를 상당한 이유 없이 광범위하게 연장할 수 있도록 하여, 고객의 정당한 이익과 예측 가능성을 침해하는 조항입니다.",약관법 제10조,"회사는 예정된 날짜에 콘텐츠를 업데이트해야 합니다. 부득이한 사정으로 지연될 경우, 회원에게 즉시 알리고 합리적인 보상안을 제공합니다."
V--076,AI_Generated_Data,손해배상액의 예정,"회원이 서비스 이용 후기를 삭제할 경우, 해당 후기로 인해 제공받은 모든 혜택(포인트 등)의 2배를 위약금으로 배상해야 한다.","고객의 정당한 권리 행사인 게시물 삭제에 대해 부당하게 과중한 위약금을 부과하여, 고객의 자기결정권을 실질적으로 제한하는 조항입니다.",약관법 제8조,"회원이 후기를 삭제할 경우, 해당 후기 작성으로 제공받은 혜택(포인트 등)은 회수될 수 있습니다."
V-077,AI_Generated_Data,"계약의 해제,해지","회원이 SNS에 회사에 대한 부정적인 의견을 게시할 경우, 회사는 이를 계약 해지 사유로 간주할 수 있다.","고객의 자유로운 의사 표현을 과도하게 제한하고, 이를 근거로 사업자가 일방적으로 계약을 해지할 수 있도록 하는 부당한 조항입니다.",약관법 제9조,"회사는 회원이 허위사실 유포로 회사의 명예를 중대하게 훼손하는 등 명백한 불법행위를 한 경우에 한해, 경고 후 계약 해지를 검토할 수 있습니다."
V-078,AI_Generated_Data,일반원칙,이용 기간 만료 후 회원이 저장한 데이터는 7일 이내에 백업하지 않으면 영구 삭제되며 회사는 책임지지 않는다.,"고객의 중요한 자산인 데이터를 백업할 수 있는 합리적인 기간을 제공하지 않고, 데이터 유실에 대한 책임을 고객에게 일방적으로 전가하는 조항입니다.",약관법 제6조,"서비스 만료 후, 회사는 회원의 데이터가 안전하게 백업될 수 있도록 최소 30일의 유예기간을 제공하며, 기간 만료 전 이메일 등으로 사전 통지합니다."
V-079,AI_Generated_Data,대리인의 책임 가중,회사가 고객의 위임을 받아 처리하는 업무(세무신고 등)에서 오류가 발생하더라도 최종 책임은 고객에게 있다.,"사업자가 대리인으로서 전문적인 서비스를 제공함에도, 그 과정에서 발생한 과실의 책임을 전적으로 위임자인 고객에게 전가하는 불공정 면책 조항입니다.","약관법 제13조
약관법 제7조","회사는 위임받은 업무를 전문가로서의 주의의무를 다하여 처리해야 하며, 회사의 과실로 인해 발생한 손해에 대해서는 법률에 따라 책임을 집니다."
V-080,AI_Generated_Data,소송 제기의 금지 등,"회원은 소송 제기 시, 회사의 영업 비밀에 해당하는 어떠한 자료도 법원에 증거로 제출할 수 없다.",재판 과정에서 고객의 권리를 구제하는 데 필수적인 자료의 제출을 '영업 비밀'이라는 포괄적인 이유로 원천 금지하여 고객의 증명 활동을 부당하게 방해하는 조항입니다.,약관법 제14조,"분쟁과 관련된 자료는 법원의 문서제출명령 등 적법한 절차에 따라 증거로 제출될 수 있습니다. (단, 영업비밀 보호를 위한 비공개 심리 등은 법원에 신청할 수 있습니다.)"
V-081,AI_Generated_Data,의사표시의 의제,"유료 서비스가 무료 체험 기간 종료 후 자동으로 유료 전환된다는 사실을 팝업으로 1회 고지하였으므로, 회원은 이에 동의한 것으로 본다.","고객이 명확하게 인지하지 못할 수 있는 방식으로 고지한 후, 별도의 동의 절차 없이 자동으로 유료 결제가 이루어지도록 하는 것은 고객의 권익을 침해할 수 있습니다.",약관법 제12조,"무료 체험 기간 종료 후 유료로 전환되는 시점에는, 회원에게 결제 예정 금액과 시점을 명확히 알리고 명시적인 동의(비밀번호 입력 등)를 받아야 합니다."
V-082,AI_Generated_Data,면책조항의 금지,"회사가 추천한 투자 정보로 인해 손실이 발생하더라도, 최종적인 투자 판단은 회원이 한 것이므로 회사는 책임이 없다.","추천', '자문' 등 적극적인 정보 제공 행위를 하였음에도, 그로 인해 발생할 수 있는 사업자의 책임을 '단순 정보 제공'이라는 명목하에 부당하게 면제하는 조항입니다.",약관법 제7조,"회사는 합리적이고 객관적인 근거에 기반하여 투자 정보를 제공해야 하며, 허위 또는 중대한 오해를 유발하는 정보를 제공하여 손해가 발생한 경우 책임을 부담할 수 있습니다."
V-083,AI_Generated_Data,고객의 권익 보호,"회원이 탈퇴 신청을 하더라도, 회사의 내부 승인 절차가 완료될 때까지(최대 14일)는 탈퇴 처리가 되지 않는다.","법률상 보장된 고객의 계약 해지(탈퇴) 의사표시의 효력을, 회사의 내부적인 행정 절차를 이유로 부당하게 지연시키는 조항입니다.","약관법 제11조
약관법 제9조","회원의 탈퇴 신청은 즉시 효력을 발생하며, 회사는 지체 없이 관련 법령에 따라 탈퇴 처리 및 개인정보 파기 절차를 진행해야 합니다."
V-084,AI_Generated_Data,채무의 이행,"회사는 시스템 과부하 발생 시, 유료 회원에게 우선적으로 서비스를 제공하며 무료 회원의 접속은 임의로 차단할 수 있다.","무료 회원이라도 회사와 서비스 이용 계약을 체결한 고객이므로, 상당한 이유나 사전 고지 없이 사업자가 일방적으로 서비스 제공 의무 이행을 거절할 수 없습니다.",약관법 제10조,"시스템 과부하 발생 시, 회사는 서비스 안정을 위해 노력해야 하며, 부득이하게 접속을 제한할 경우 모든 회원에게 그 사실을 공지해야 합니다."
V-085,AI_Generated_Data,손해배상액의 예정,"회원이 회사의 시설물을 경미하게 훼손한 경우에도, 회원은 즉시 시설물 전체의 교체 비용을 배상해야 한다.","손해배상은 원상회복 또는 실제 발생한 손해를 기준으로 해야 함에도, 경미한 훼손에 대해 전체 교체 비용을 부담시켜 고객에게 과도한 손해배상 의무를 지우는 조항입니다.",약관법 제8조,"회원이 시설물을 훼손한 경우, 수리가 가능한 경우에는 수리비를, 수리가 불가능한 경우에는 감가상각을 반영한 시가 상당액을 배상합니다."
V-086,AI_Generated_Data,"계약의 해제,해지","1년 단위로 계약한 서비스의 경우, 계약 기간의 절반이 지나면 중도 해지가 절대 불가능하다.",계약 기간의 경과 여부와 상관없이 고객에게 법률상 부여된 계약 해지권을 상당한 이유 없이 배제하거나 그 행사를 제한하는 조항입니다.,약관법 제9조,"회원은 계약 기간 중 언제든지 본 계약을 해지할 수 있습니다. 단, 해지 시점에 따라 위약금이 차등 부과될 수 있습니다."
V-087,AI_Generated_Data,일반원칙,"회원이 제공한 모든 아이디어, 제안 등은 회사에 귀속되며, 회사는 이에 대한 보상 의무를 지지 않는다.","고객의 아이디어가 지식재산권으로 보호받을 수 있는 경우에도, 이를 아무런 대가 없이 포괄적으로 사업자에게 귀속시키는 것은 신의성실 원칙에 반하는 불공정 조항입니다.",약관법 제6조,"회사는 회원이 제안한 아이디어를 채택하여 사업화할 경우, 정당한 보상 절차에 대해 회원과 별도로 협의합니다."
V-088,AI_Generated_Data,대리인의 책임 가중,"회사의 판매 대리점이 고객에게 안내한 내용은 본사(회사)와 무관하며, 회사는 이에 대해 어떠한 책임도 지지 않는다.","판매 대리점은 회사의 계약 이행 보조자에 해당하므로, 대리점의 귀책사유는 회사의 책임과 연결됨에도 불구하고 이를 전면 부인하여 사업자의 책임을 부당하게 면제하고 있습니다.","약관법 제13조
약관법 제7조","회사는 판매 대리점에 대한 관리 감독 책임을 부담하며, 대리점의 고의 또는 과실로 인해 고객에게 손해가 발생한 경우 관련 법령에 따라 함께 책임을 질 수 있습니다."
V-089,AI_Generated_Data,소송 제기의 금지 등,"회원은 제품 사용 후기를 작성할 때, 회사의 사전 서면 동의 없이는 타사 제품과 비교하는 내용을 포함할 수 없다.","공정한 경쟁과 소비자의 알 권리에 기여하는 '비교 표시·광고'를 사업자의 허락 없이는 할 수 없도록 하여, 고객의 표현의 자유를 부당하게 제한하는 조항입니다.","약관법 제14조
약관법 제11조","회원은 사실에 기반하여 자유롭게 제품 사용 후기를 작성할 수 있으며, 타 제품과의 비교 내용도 포함할 수 있습니다. 단, 허위 사실이나 비방은 금지됩니다."
V-090,AI_Generated_Data,소송 제기의 금지 등,서비스의 데이터가 위변조되지 않았다는 사실의 입증책임은 고객에게 있다.,"데이터의 무결성 입증은 해당 데이터를 관리하는 사업자에게 더 용이함에도 불구하고, 그 책임을 상당한 이유 없이 고객에게 전가하는 조항입니다.",약관법 제14조,"회사는 서비스 데이터의 위변조 방지를 위해 노력하며, 데이터의 무결성에 대한 분쟁 발생 시 관련 기록을 투명하게 공개하여 입증에 협조합니다."
V-091,AI_Generated_Data,고객의 권익 보호,고객은 회사에 지급할 이용료와 고객이 회사로부터 환불받을 금액을 상계 처리할 수 없다.,"민법상 고객에게 보장된 상계권을 상당한 이유 없이 계약서상에서 원천적으로 배제하는 조항으로, 고객의 권익을 부당하게 침해합니다.",약관법 제11조,"고객은 회사에 대한 채무와 회사로부터 변제기가 도래한 채권을 보유한 경우, 관련 법령이 정하는 바에 따라 상계할 수 있습니다."
V-092,AI_Generated_Data,계약의 해제ㆍ해지,"본 계약은 만료 시 해지 의사를 밝히지 않으면 1년 단위로 자동 갱신되며, 갱신 후에는 중도 해지가 불가하다.",묵시적 갱신 조항을 두면서 갱신 후의 계약 조건을 고객에게 부당하게 불리하게(해지 불가) 설정하여 고객의 권익을 침해할 우려가 있는 조항입니다.,약관법 제9조,"본 계약은 만료 1개월 전까지 별도의 의사표시가 없으면 1개월 단위로 자동 갱신되며, 갱신된 계약은 언제든지 해지할 수 있습니다."
V-093,AI_Generated_Data,면책조항의 금지,회사가 제공한 제품의 품질 표시에 오류가 있었음이 밝혀지더라도 회사는 이에 대한 책임을 지지 않는다.,"사업자가 스스로 제시한 품질, 성능에 대한 보장 내용에 대해 책임을 배제하는 조항으로, 고객의 정당한 신뢰를 저버리는 불공정 조항입니다.",약관법 제7조,"회사는 회사가 표시한 제품의 품질 및 성능을 보장하며, 표시와 내용이 다른 경우 그에 따른 담보책임을 부담합니다."
V-094,AI_Generated_Data,일반원칙,회원이 작성한 게시물이 타인의 권리를 침해하는지 여부에 대한 판단은 전적으로 회사의 내부 기준에 따른다.,"권리 침해 여부는 법률에 따라 객관적으로 판단되어야 할 사항임에도, 사업자가 일방적인 내부 기준으로 판단할 수 있도록 하여 자의적인 운영의 위험을 초래하는 불공정 조항입니다.",약관법 제6조,"게시물의 권리 침해 여부에 대한 분쟁 발생 시, 저작권법 등 관련 법령 및 적법한 기관의 판단에 따라 처리합니다."
V-095,AI_Generated_Data,대리인의 책임 가중,"미성년자인 자녀가 법정대리인의 동의 없이 계약한 경우라도, 법정대리인은 계약 취소 후 대금의 50%를 책임져야 한다.","미성년자 계약에 대한 법정대리인의 취소권은 법률상 보장된 권리임에도, 그 권리 행사에 부당한 의무(대금 책임)를 부과하여 대리인의 책임을 가중시키는 조항입니다.",약관법 제13조,"미성년자가 법정대리인의 동의 없이 체결한 계약은 민법에 따라 법정대리인이 취소할 수 있으며, 이 경우 양 당사자는 원상회복 의무를 부담합니다."
V-096,AI_Generated_Data,의사표시의 의제,"회원이 고객센터에 문의를 접수한 후 3영업일 내에 회사의 답변에 회신하지 않으면, 문의가 해결된 것으로 종결 처리한다.","고객의 부작위(회신 없음)를 사업자에게 유리한 의사표시(해결 동의)로 간주하는 조항으로, 고객에게 명확한 고지 없이 일방적으로 적용될 경우 부당합니다.",약관법 제12조,"고객센터 문의에 대한 회사의 답변 후 7일 이상 고객의 추가 질의가 없을 경우, 상담이 종결될 수 있다는 점을 안내해 드립니다."
V-097,AI_Generated_Data,채무의 이행,"회사는 운영 효율화를 위해 고객에게 통지한 후, 고객의 모든 데이터를 해외에 위치한 제3의 업체 서버로 이전하여 관리할 수 있다.","데이터의 국외 이전은 고객의 개인정보 자기결정권에 중대한 영향을 미치는 사안임에도, 단순 통지만으로 고객 데이터를 제3자에게 위탁하고 국외로 이전할 수 있도록 하는 조항입니다.",약관법 제10조,"회사는 고객 데이터의 국외 이관이 필요한 경우, 관련 법령(개인정보보호법 등)에 따라 고객에게 이전 사실과 목적 등을 명확히 알리고 별도의 동의를 받습니다."
V-098,AI_Generated_Data,손해배상액의 예정,"회원이 월정액 서비스를 이용하던 중 회사의 귀책사유로 서비스가 1일 중단된 경우, 회사는 100포인트로만 배상한다.","고객이 입은 실제 손해(1일치 이용료 등)와 무관하게 사업자가 일방적으로 정한 경미한 보상(포인트)만으로 손해배상 의무를 다한 것으로 간주하여, 사업자의 책임을 부당하게 경감합니다.","약관법 제8조
약관법 제7조","회사의 귀책사유로 서비스가 중단된 경우, 회사는 중단된 시간만큼 이용기간을 연장하거나 그에 상응하는 금액을 환불하는 등 실제 손해를 배상합니다."
V-099,AI_Generated_Data,계약의 해제ㆍ해지,"계약 해지 시 데이터 백업 비용은 시간당 10만 원으로 책정되며, 이는 잔여 이용료 환불 금액에서 우선 공제된다.","고객의 계약 해지권 행사에 따른 원상회복 과정에서, 사업자가 사회 통념에 비해 과도한 비용을 청구하여 고객의 환불 청구권을 부당하게 제한하는 조항입니다.",약관법 제9조,"계약 해지 시, 회원은 자신의 데이터를 백업할 수 있으며, 회사는 합리적인 비용으로 데이터 백업 서비스를 제공할 수 있습니다."
V-100,AI_Generated_Data,소송 제기의 금지 등,"회사가 제공한 통계 데이터의 오류로 인해 발생한 손해에 대한 입증책임은 고객에게 있으며, 고객은 회사의 서버 로그에 접근할 수 없다.","사업자가 전적으로 관리하는 데이터의 오류 입증책임을 고객에게 지우면서, 그 입증에 필수적인 자료(서버 로그)에 대한 접근을 원천 차단하는 것은 고객의 권리 구제를 현저히 곤란하게 합니다.",약관법 제14조,"회사는 제공하는 데이터의 정확성을 보장하며, 오류에 대한 분쟁 발생 시 관련 데이터를 공개하여 원인 규명에 성실히 협조해야 합니다."
V-101,AI_Generated_Data,고객의 권익 보호,"고객은 어떠한 경우에도 기한의 이익을 주장할 수 없으며, 회사의 청구가 있으면 즉시 모든 채무를 변제해야 한다.","채무자가 채무를 약정된 기한까지 변제하지 않아도 되는 '기한의 이익'은 법률상 고객에게 보장된 권리임에도, 이를 상당한 이유 없이 포괄적으로 박탈하는 조항입니다.",약관법 제11조,회사는 고객이 약관을 중대하게 위반하는 등 법률에서 정한 사유가 발생하는 경우에 한하여 기한의 이익 상실을 주장하고 채무의 변제를 청구할 수 있습니다.
V-102,AI_Generated_Data,면책조항의 금지,회사의 직원이 고객 응대 과정에서 행한 구두 약속이나 설명은 어떠한 법적 효력도 갖지 않는다.,"회사의 피고용자인 직원의 행위는 회사의 행위로 간주됨에도, 그 책임을 전면 부인하여 계약 과정에서 고객이 받은 중요 설명에 대한 회사의 책임을 부당하게 면제하는 조항입니다.",약관법 제7조,"회사는 소속 직원이 고객에게 제공한 중요한 정보나 설명에 대해 책임을 집니다. 단, 공식적인 계약 내용은 서면 약관을 우선으로 합니다."
V-103,AI_Generated_Data,일반원칙,"본 서비스는 '있는 그대로(As-Is)' 제공되며, 회사는 서비스의 완전성, 특정 목적 적합성에 대해 일절 보증하지 않는다.","사업자는 계약 목적을 달성할 수 있는 수준의 서비스를 제공할 본질적 의무가 있으나, 이를 'As-Is'라는 용어로 포괄적으로 부정하여 계약상 본질적 권리를 제한하는 조항입니다.",약관법 제6조,"회사는 회원이 서비스 이용 목적을 달성할 수 있도록, 약관에 명시된 내용에 따라 안정적인 서비스를 제공할 의무를 부담합니다."
V-104,AI_Generated_Data,대리인의 책임 가중,"법인 고객의 담당자가 퇴사한 경우, 해당 담당자가 처리한 업무로 인해 발생하는 모든 채무는 해당 법인이 승계하여 책임진다.","계약 당사자는 법인임에도 불구하고, 대리인(담당자)의 행위로 인한 책임을 법인에게 포괄적으로 승계시켜 부당하게 책임을 가중시킬 우려가 있는 조항입니다.",약관법 제13조,법인 고객의 담당자가 처리한 업무상 행위의 법률적 효과는 계약 당사자인 법인에 귀속됩니다.
V-105,AI_Generated_Data,의사표시의 의제,회사가 보낸 중요 통지(서비스 종료 등)는 회원이 이메일을 확인하지 않았더라도 발송 후 24시간이 지나면 회원에게 도달한 것으로 간주한다.,"고객의 권리에 중대한 영향을 미치는 의사표시가 실제 도달 여부와 관계없이, 상당한 이유 없이 사업자에게 유리하게 도달된 것으로 간주하는 조항입니다.",약관법 제12조,"회사는 서비스 종료 등 중요한 내용을 통지할 때, 이메일, SMS, 앱 푸시 등 다양한 방법을 통해 회원이 충분히 인지할 수 있도록 노력해야 합니다."
V-106,AI_Generated_Data,채무의 이행,회사는 최소한의 서비스 이용에 필수적인 부가서비스를 고객의 동의 없이 추가하고 그 비용을 청구할 수 있다.,계약의 핵심 내용인 '급부의 범위와 대가'를 사업자가 일방적으로 결정하고 변경할 수 있도록 권한을 부여하는 조항입니다.,약관법 제10조,"회사는 부가서비스 추가 시, 해당 서비스의 내용과 비용을 명확히 알리고 고객의 명시적인 동의를 얻은 후에만 요금을 청구할 수 있습니다."
V-107,AI_Generated_Data,손해배상액의 예정,"회원이 결제한 금액에 오류가 있어 과오납이 발생한 경우, 회사는 그 차액만 환불하며 별도의 이자나 보상은 지급하지 않는다.","사업자의 귀책으로 과오납이 발생했다면, 고객은 원금뿐만 아니라 민법에 따른 법정이자를 함께 반환받을 권리가 있으나, 이를 부당하게 배제하는 조항입니다.","약관법 제8조
약관법 제6조","과오납금이 발생한 경우, 회사는 그 차액과 함께 과오납 기간에 대한 법정이자를 가산하여 고객에게 환불합니다."
V-108,AI_Generated_Data,계약의 해제ㆍ해지,"1+1 이벤트로 구매한 상품 중 하나를 반품할 경우, 나머지 상품 가격은 '정상가'로 재정산된다.","고객의 정당한 청약철회권 행사에 대해, 고객에게 불리한 가격 기준(정상가)을 소급 적용하여 고객의 원상회복 청구권을 부당하게 제한하는 조항입니다.",약관법 제9조,"1+1 상품 중 일부를 반품할 경우, 고객이 실제 지불한 금액을 기준으로 반품 상품의 가치를 비례 계산하여 환불합니다."
V-109,AI_Generated_Data,소송 제기의 금지 등,"회원은 서비스 이용 중 어떠한 불만이 있더라도, 온라인 커뮤니티나 SNS에 이를 게시하기 전에 반드시 회사에 먼저 알려야 한다.","고객의 자유로운 표현의 자유 및 공론화 권리를 제한하고, 사업자에게 사전 검열과 유사한 권한을 부여하는 불공정한 절차적 제한 조항입니다.",약관법 제14조,회원은 서비스 이용 중 발생한 불만에 대해 자유롭게 의견을 게시할 수 있습니다. 원만한 문제 해결을 위해 고객센터를 통한 문의를 권장합니다.
V-110,AI_Generated_Data,고객의 권익 보호,회원이 보유한 포인트의 소멸시효는 발행 유형과 관계없이 일괄적으로 3개월로 한다.,"포인트의 성격이나 법률(상법 등)에서 정한 소멸시효보다 현저히 짧은 기간을 일률적으로 적용하여, 상당한 이유 없이 고객의 재산상 권리를 제한하는 조항입니다.",약관법 제11조,"포인트의 유효기간은 이벤트, 구매 적립 등 발행 유형에 따라 합리적으로 설정되며, 소멸 1개월 전 회원에게 통지하여 사용을 독려합니다."
V-111,AI_Generated_Data,면책조항의 금지,"회사는 천재지변, 전쟁, 해킹 등 '불가항력'으로 인한 책임이 면제되며, '불가항력' 여부의 판단은 회사가 한다.","무엇이 불가항력에 해당하는지는 법률적으로 판단될 사항임에도, 사업자가 자의적으로 판단할 수 있도록 하여 면책 범위를 부당하게 확장할 수 있는 조항입니다.",약관법 제7조,"천재지변 등 계약 당사자의 합리적인 통제 범위를 벗어난 불가항력으로 인해 채무를 이행할 수 없는 경우, 양 당사자는 책임을 면합니다."
V-112,AI_Generated_Data,일반원칙,회원이 제공한 모든 정보(개인정보 제외)는 회사가 아무런 제한 없이 영구적으로 사용하고 2차 저작물을 작성할 수 있다.,고객이 제공한 정보에 대한 이용 범위를 사업 목적상 필요한 범위를 넘어 무제한적이고 영구적으로 설정하여 고객에게 예상하기 어려운 부당한 의무를 지우는 조항입니다.,약관법 제6조,"회사는 회원이 제공한 정보를 서비스 개선 및 통계 분석 목적으로만 활용하며, 개인 식별이 불가능한 형태로 처리합니다."
V-113,AI_Generated_Data,대리인의 책임 가중,"단체 아이디(ID)를 사용하는 경우, 소속 구성원 중 1인의 약관 위반 행위에 대해 단체 대표자가 모든 법적 책임을 진다.","단체 대표자는 관리자의 지위에 있을 뿐, 개별 구성원의 행위에 대해 무한정 책임을 지는 대리인이 아님에도, 부당하게 연대책임을 부담시키는 조항입니다.",약관법 제13조,"단체 아이디 소속 구성원의 약관 위반 시, 1차적인 책임은 행위자 본인에게 있습니다. 단체 대표자는 관리 소홀에 대한 책임이 인정될 경우 그에 상응하는 책임을 질 수 있습니다."
V-114,AI_Generated_Data,의사표시의 의제,"회원이 약관 변경 고지 후 서비스를 1회 이상 접속하여 이용한 경우, 변경된 약관의 모든 내용에 동의한 것으로 간주한다.","고객이 약관 변경 사실을 인지하지 못한 채 습관적으로 서비스를 이용한 행위를, 변경된 약관 전체에 대한 포괄적 동의 의사표시로 의제하는 부당한 조항입니다.",약관법 제12조,"회사는 약관의 중요한 내용이 변경되는 경우, 고객이 변경 사항을 명확히 인지하고 동의 여부를 선택할 수 있도록 별도의 동의 절차를 거쳐야 합니다."
V-115,AI_Generated_Data,채무의 이행,"예약 서비스의 확정 여부는 회사가 예약일 1일 전에 최종 통보하며, 그전까지는 예약이 취소될 수 있다.","고객은 예약을 통해 계약이 성립되었다고 신뢰함에도, 사업자가 상당한 기간 동안 일방적으로 계약을 취소할 수 있는 권한을 유보하여 고객을 불안정한 지위에 놓이게 하는 조항입니다.",약관법 제10조,"예약 신청이 완료되면 계약은 성립됩니다. 단, 시스템 오류 등 명백한 사유가 있는 경우 회사는 즉시 고객에게 알리고 예약을 취소 및 환불 처리할 수 있습니다."
V-116,AI_Generated_Data,손해배상액의 예정,"회원의 ID 도용으로 인해 발생한 피해액이 10만 원 이하인 경우, 회사는 조사를 생략하고 책임을 지지 않는다.","소액이라는 이유만으로 사업자가 부담해야 할 손해배상 책임을 정당한 이유 없이 면제하거나, 그 요건(조사)을 가중시키는 불공정 조항입니다.","약관법 제8조
약관법 제7조","ID 도용으로 인한 피해 발생 시, 회사는 피해 금액과 무관하게 사고 원인을 조사하고 회사의 귀책사유가 있는 경우 관련 법령에 따라 배상 책임을 집니다."
V-117,AI_Generated_Data,계약의 해제ㆍ해지,"회원이 사망한 경우, 유료 서비스 이용 권한은 상속되지 않으며 잔여 이용료는 환불되지 않는다.","서비스 이용 권한이 재산적 가치를 지니는 경우 상속의 대상이 될 수 있음에도 이를 부인하고, 사업자의 원상회복 의무(환불)를 부당하게 면제하는 조항입니다.",약관법 제9조,"회원이 사망한 경우, 계약은 해지되며 상속인은 관련 법령에 따라 잔여 이용료의 환불을 청구할 수 있습니다."
V-118,AI_Generated_Data,소송 제기의 금지 등,"회원은 어떠한 경우에도 대표이사, 임원 등 회사 개인을 상대로 소송을 제기할 수 없다.","법인의 불법행위가 임원 개인의 고의·중과실로 인한 경우, 고객은 상법 등에 따라 임원 개인에게도 책임을 물을 수 있으나, 이러한 법률상 권리를 부당하게 제한하는 조항입니다.",약관법 제14조,"본 계약과 관련하여 회사 또는 그 임직원의 위법 행위로 인해 손해가 발생한 경우, 고객은 관련 법령에 따라 손해배상을 청구할 수 있습니다."
V-119,AI_Generated_Data,고객의 권익 보호,"A서비스를 이용하기 위해서는, 고객의 의사와 무관하게 관련 없는 B, C서비스의 이용 계약도 함께 체결해야 한다.","고객의 자유로운 계약 체결권을 침해하고, 별개의 계약을 부당하게 강제(끼워팔기)하여 고객의 권익을 침해하는 조항입니다.",약관법 제11조,"고객은 회사가 제공하는 다양한 서비스 중, 원하는 서비스만을 선택하여 개별적으로 계약을 체결할 수 있습니다."
,,,,,,
,,,,,,
v-120,AI_Generated_Data,소송 제기의 금지 등,"고객은 제품의 하자를 주장하는 경우, 하자가 고객의 귀책사유로 발생하지 않았음을 고객이 직접 입증해야 한다.","하자의 비귀책사유 입증책임을 고객에게 전가하여, 사실상 사업자의 책임을 부당하게 경감함.",약관법 제14조 제1호,"회사는 제품의 하자에 대하여 책임을 집니다. 다만, 하자가 고객의 고의 또는 중대한 과실로 인하여 발생한 경우에는 그러하지 아니합니다."
v-121,AI_Generated_Data,소송 제기의 금지 등,"회사는 서비스 제공 기록을 보관하지 않으며, 서비스 미제공으로 인한 손해는 고객이 그 사실을 명확히 입증해야만 배상한다.",사업자만이 관리할 수 있는 서비스 제공 기록 및 미제공 사실의 입증책임을 고객에게 전가하여 책임을 부당하게 경감함.,약관법 제14조 제1호,"회사의 귀책사유로 서비스를 정상적으로 제공하지 못하여 고객에게 손해가 발생한 경우, 회사는 그 손해를 배상합니다."
v-122,AI_Generated_Data,소송 제기의 금지 등,"고객이 해지 환급금을 청구할 경우, 고객이 미이용 기간 및 잔여 가치를 스스로 입증해야 한다.","환급금 산정의 기초 자료(미이용 기간, 잔여 가치)는 사업자만이 산정 및 관리할 수 있는 사항이므로 입증책임을 부당하게 전가함.",약관법 제14조 제1호,"회사는 고객의 계약 해지 요청 시, 관련 법령 및 규정에 따라 산정된 해지 환급금을 고객에게 지급합니다."
v-123,AI_Generated_Data,소송 제기의 금지 등,"제품 사용 중 발생한 손해에 대해 회사의 책임을 묻기 위해서는, 사업자 또는 피고용인의 중대한 과실이 있었음을 고객이 입증해야 한다.","손해배상 요건인 '중대한 과실'에 대한 입증책임을 고객에게 지워, 사업자 책임을 부당하게 경감함.",약관법 제14조 제1호,회사는 제품 사용 중 회사의 고의 또는 과실로 인해 고객에게 발생한 손해를 배상합니다.
v-124,AI_Generated_Data,소송 제기의 금지 등,"본 계약의 내용과 고객이 인지한 내용이 다르다고 주장하는 경우, 고객이 자신의 주장이 사실임을 입증해야 한다.",계약 설명 의무 이행에 대한 책임 등 사업자 측의 책임을 부당하게 고객에게 전가함.,약관법 제14조 제1호,"본 계약의 내용과 고객이 인지한 내용이 다르다는 주장이 있을 경우, 회사는 계약의 체결 과정 및 설명 의무 이행 여부를 검토하여 책임 여부를 판단합니다."
v-125,AI_Generated_Data,소송 제기의 금지 등,고객은 회사의 청구에 대하여 연체료가 과도하게 부과되었음을 입증하지 못하면 청구된 금액 전액을 납부해야 한다.,"연체료의 적정성 입증책임을 고객에게 전가하여, 고객의 권리 행사를 어렵게 하고 사업자 책임을 부당하게 경감함.",약관법 제14조 제1호,"고객은 회사의 청구에 이의를 제기할 수 있으며, 이 경우 회사는 청구 내역의 적정성을 재확인하여 고객에게 통지합니다."
v-126,AI_Generated_Data,소송 제기의 금지 등,"회사는 고객에게 서비스를 정상적으로 제공했다고 간주하며, 고객은 서비스 이용이 불가능했음을 객관적으로 입증해야만 이의를 제기할 수 있다.","서비스 미제공 사실 입증책임을 고객에게 전가하여, 서비스 제공 책임 등 사업자 책임을 부당하게 경감함.",약관법 제14조 제1호,"고객은 서비스 이용에 문제가 발생한 경우 회사에 이의를 제기할 수 있으며, 회사는 이의 제기 사실을 확인하고 서비스 미제공의 귀책사유를 파악하여 조치합니다."
v-127,AI_Generated_Data,소송 제기의 금지 등,"본 제품의 하자 발생 시점은 고객이 입증해야 하며, 입증하지 못하면 하자가 고객 책임 하에 발생한 것으로 본다.","하자 발생 시점의 입증책임을 고객에게 전가하여, 제조물 책임 등 사업자가 부담해야 할 위험을 고객에게 떠넘김.",약관법 제14조 제1호,"제품에 하자가 발생한 경우, 회사는 하자 발생의 책임 소재를 신속히 조사하며, 하자가 고객의 책임 하에 발생했음이 명백히 입증되지 않는 한 회사가 책임을 집니다."
v-128,AI_Generated_Data,소송 제기의 금지 등,"회사의 중요한 고지 사항이 고객에게 도달하지 않은 경우, 고객은 그 미도달의 사실을 입증해야 한다.","고지 의무 이행 및 도달에 대한 사업자의 책임을 회피하기 위해, 미도달 사실의 입증책임을 고객에게 부당하게 전가함.",약관법 제14조 제1호,"회사는 중요한 고지 사항을 고객에게 합리적인 방법으로 명확히 도달시키기 위해 노력하며, 고지 미도달로 인한 불이익은 회사의 고의 또는 과실이 있는 경우 회사가 책임집니다."
v-129,AI_Generated_Data,소송 제기의 금지 등,"고객이 회사를 상대로 손해배상을 청구하는 경우, 발생한 손해액을 산정하기 위한 모든 자료와 근거는 고객이 확보하여 제출해야 한다.",손해액 산정 자료에 대한 접근성이 높은 사업자의 협조 의무를 간과하고 고객에게 과도한 입증 부담을 지워 책임을 부당하게 경감함.,약관법 제14조 제1호,"회사는 고객이 손해배상을 청구하는 경우, 발생한 손해액 산정을 위한 자료를 관련 법령에 따라 고객과 상호 협력하여 확보하고 처리합니다."
v-130,AI_Generated_Data,고객의 권익 보호,"본 계약과 관련된 모든 분쟁은 **소송 이외의 방법(중재 등)**으로 해결해야 하며, 법원에 소를 제기할 수 없다.","고객이 법원에 소를 제기하는 등 법률에 따른 권리 행사를 금지하는 조항으로, 고객의 재판 청구권을 부당하게 제한함.",약관법 제11조 제2호,"본 계약과 관련된 분쟁은 당사자의 협의에 따라 해결하며, 협의가 이루어지지 않을 경우 관계 법령에 따라 법원에 소를 제기할 수 있습니다."
v-131,AI_Generated_Data,소송 제기의 금지 등,본 계약에 관한 분쟁 발생 시 관할 법원은 고객의 주소지와 무관하게 사업자의 본사 소재지 법원으로 한다.,고객에게 불리한 관할 법원을 지정하여 소 제기를 현저히 곤란하게 하거나 부당하게 제한함.,약관법 제14조 제2호,"본 계약과 관련된 분쟁에 대해서는 고객의 주소지를 관할하는 법원을 관할 법원으로 합니다. 다만, 합의에 의해 관할 법원을 변경할 수 있습니다."
v-132,AI_Generated_Data,고객의 권익 보호,고객은 본 계약 체결로 인해 향후 발생하는 모든 민형사상 책임을 묻지 않기로 회사와 합의한다.,고객이 장래에 발생할 수 있는 법률상 권리를 미리 포기하도록 강제하여 고객의 권리를 부당하게 제한함.,약관법 제11조 제1호,본 계약 체결은 향후 발생하는 회사의 귀책사유로 인한 고객의 법률상 권리 행사에 영향을 미치지 않습니다.
v-133,AI_Generated_Data,고객의 권익 보호,"고객이 회사에 대해 소송을 제기할 경우, 소송 제기 이전에 회사에 사전 통보하고 6개월간 합의 노력을 해야 한다.",고객이 소를 제기할 수 있는 시점 및 절차를 부당하게 지연시키거나 제한하여 고객의 재판 청구권을 침해함.,제11조 제2호,"고객은 회사와의 분쟁 해결을 위해 임의로 소송을 제기할 수 있으며, 이와 별도로 당사자 간 합의 노력을 진행할 수 있습니다."
v-134,AI_Generated_Data,고객의 권익 보호,고객은 회사의 책임으로 인한 손해에 대해 법원에 손해배상 청구를 할 수 있는 기간을 30일 이내로 제한한다.,법률에 정해진 소멸시효나 제척기간을 고객에게 불리하게 단축하여 고객의 권리 행사를 부당하게 제한함.,제11조 제3호,고객은 회사의 책임으로 인한 손해에 대해 관련 법령이 정하는 기간(소멸시효) 내에 손해배상을 청구할 수 있습니다.
v-135,AI_Generated_Data,고객의 권익 보호,본 계약에 관한 모든 소송은 **고객이 접근하기 현저히 어려운 원거리의 특정 법원(예: 제주지방법원)**을 전속 관할로 한다.,고객에게 불편을 초래하여 소 제기를 사실상 포기하게 만들 목적으로 부당하게 관할 법원을 지정함.,제14조 제2호,본 계약에 관한 소송은 민사소송법상의 관할 규정에 따릅니다.
v-136,AI_Generated_Data,고객의 권익 보호,"고객은 본 계약의 분쟁 해결을 위해 회사에서 지정한 분쟁조정기관의 결정에 무조건 따라야 하며, 사법적 판단을 구할 수 없다.","고객의 사법적 판단(재판)을 받을 권리를 박탈하고, 특정 분쟁 해결 절차의 결과를 무조건 따르도록 강제함.",제11조 제2호,"분쟁 발생 시 당사자는 회사에서 지정한 분쟁조정기관에 조정을 신청할 수 있으며, 이는 소송 제기 권리에 영향을 미치지 않습니다."
v-137,AI_Generated_Data,고객의 권익 보호,본 계약과 관련된 모든 소송은 고객이 전적으로 소송 비용을 부담하는 것을 전제로 한다.,소송에서 승소한 경우 상대방에게 소송 비용을 부담시킬 수 있는 법률상 권리를 박탈하여 고객의 권리를 부당하게 제한함.,제11조 제1호,본 계약과 관련된 소송 비용의 부담은 민사소송법 등 관련 법령이 정하는 바에 따릅니다.
v-138,AI_Generated_Data,고객의 권익 보호,"회사의 제품에 하자가 있더라도, 고객은 보수 외에 추가적인 소송(손해배상 등)을 제기할 수 없다.",고객이 하자 보수 외에 손해배상 청구 등 법률상 당연히 가지는 권리를 행사하지 못하도록 금지함.,제11조 제2호,"회사의 귀책사유로 인해 제품에 하자가 발생한 경우, 고객은 보수 또는 손해배상 등 관련 법령이 정하는 권리를 행사할 수 있습니다."
v-139,AI_Generated_Data,고객의 권익 보호,"고객은 본 계약의 유효성에 대해 법률적으로 다툴 권리를 포기하며, 회사의 해석에 동의한다.",고객의 계약의 무효·취소를 주장할 법률상 권리를 미리 포기하도록 강제하여 고객의 권익을 심각하게 침해함.,제11조 제1호,"본 계약의 유효성에 대한 다툼은 관계 법령 및 판례에 따라 판단되며, 고객은 이에 대해 이의를 제기할 수 있습니다."
v-140,AI_Generated_Data,대리인의 책임 가중,"고객의 채무 불이행 시, 계약 체결을 대리한 대리인은 고객과 연대하여 모든 채무를 이행할 책임을 진다.",고객의 의무 불이행에 대한 책임을 대리인에게 연대하여 지우는 것은 약관법 제13조 제1항에 따라 무효임.,제13조 제1항,"고객의 의무 불이행 시, 회사는 고객에게 관련 법령 및 계약에 따라 책임을 물을 수 있습니다. 대리인은 계약 체결에 대한 책임 외에는 고객의 의무를 부담하지 않습니다."
v-141,AI_Generated_Data,대리인의 책임 가중,본 계약상 고객의 의무 미이행으로 발생하는 모든 손해에 대해 계약 체결 대리인이 100% 손해배상 책임을 부담한다.,고객의 의무 불이행으로 발생한 손해배상 책임을 대리인에게 전가하여 부담시키는 것은 무효임.,제13조 제1항,본 계약상 고객의 의무 미이행으로 발생하는 손해에 대한 책임은 원칙적으로 고객이 부담합니다.
v-142,AI_Generated_Data,대리인의 책임 가중,"대리인에 의해 체결된 계약이 해지 또는 해제되는 경우, 기 납부된 대금의 반환 청구권은 대리인에게 일절 인정되지 않는다.","계약상 대금 반환 청구권이 대리인에게 있다고 하더라도, 이를 일절 인정하지 않는 것은 고객의 권리를 제한하는 것이며, 대리인에게 불리한 조항임.",제13조 제1항,"계약이 해지 또는 해제되어 대금을 반환하는 경우, 그 반환은 실제 납부자 또는 고객에게 이루어집니다."
v-143,AI_Generated_Data,대리인의 책임 가중,"고객이 지급해야 할 서비스 이용료를 연체하는 경우, 대리인은 연체된 이용료와 그에 대한 지연손해금을 즉시 납부해야 한다.",고객의 채무(연체된 이용료 및 지연손해금) 이행 책임을 대리인에게 부당하게 지우는 것은 무효임.,제13조 제1항,"고객이 서비스 이용료를 연체하는 경우, 회사는 고객에게 관련 법령 및 계약에 따라 지연손해금을 청구할 수 있습니다."
v-144,AI_Generated_Data,대리인의 책임 가중,"계약 이행 중 고객에게 귀책사유가 발생하여 회사가 손해를 입은 경우, 대리인은 고객과 동일한 비율로 책임을 분담한다.",고객의 귀책사유로 인한 손해에 대해 대리인에게 책임 분담을 강제하는 것은 무효임.,제13조 제1항,"계약 이행 중 고객에게 귀책사유가 발생하여 회사가 손해를 입은 경우, 회사는 고객에게 관련 법령에 따라 배상을 청구할 수 있습니다."
v-145,AI_Generated_Data,대리인의 책임 가중,대리인은 계약 체결 이후 고객의 신용 변동 또는 재산 상태 악화에 대해 고객을 대신하여 회사에 모든 책임을 부담한다.,고객의 사정에 따른 책임을 대리인에게 전적으로 부담시키는 것은 무효임.,제13조 제1항,"회사는 계약 체결 이후 고객의 신용 변동 및 재산 상태 악화가 계약 이행에 중대한 영향을 미치는 경우, 계약에 따라 고객에게 필요한 조치를 요구할 수 있습니다."
v-146,AI_Generated_Data,대리인의 책임 가중,"고객이 계약을 위반할 시, 대리인은 위반 사실을 통지받는 즉시 본 계약상의 고객 지위 및 의무를 승계한 것으로 본다.",고객의 계약 위반으로 인해 대리인에게 고객의 지위와 의무를 강제적으로 승계시키는 것은 무효임.,제13조 제1항,"고객이 계약을 위반할 시, 회사는 고객에게 관련 법령 및 계약에 따른 책임을 물을 수 있습니다."
v-147,AI_Generated_Data,대리인의 책임 가중,"고객이 계약상의 모든 의무를 완전히 이행할 때까지, 대리인의 보증 책임은 계약 종료 후에도 계속하여 유지된다.",대리인에게 고객의 의무 이행에 대한 보증 책임을 계약 종료 후에도 무기한으로 유지시키는 것은 무효임.,제13조 제1항,"고객이 계약상의 모든 의무를 이행하면 대리인의 책임은 종료됩니다. 다만, 대리인이 별도의 보증 계약을 체결한 경우에는 그 계약에 따릅니다."
v-148,AI_Generated_Data,대리인의 책임 가중,대리인은 고객의 계약 위반으로 회사가 제3자에게 배상한 손해액 전부에 대해 회사에게 구상 책임을 진다.,고객의 계약 위반으로 인해 발생한 회사의 제3자에 대한 배상액을 대리인에게 구상하도록 하는 것은 무효임.,제13조 제1항,"고객의 계약 위반으로 인해 회사가 제3자에게 손해를 배상한 경우, 회사는 고객에게 구상권을 행사할 수 있습니다."
v-149,AI_Generated_Data,대리인의 책임 가중,"본 계약과 관련하여 발생하는 모든 소송은 대리인을 피고로 지정하여 제기할 수 있으며, 대리인은 이에 이의를 제기할 수 없다.","고객이 아닌 대리인에게 소송상 피고 지위를 강제하고, 이에 대한 이의 제기 권리마저 박탈하는 것은 무효임.",제13조 제1항,본 계약과 관련하여 발생하는 소송은 계약상의 주체를 피고로 하여 제기되어야 합니다.
,,,,,,
v-150,AI_Generated_Data,의사표시의 의제,"고객이 환불을 요청한 경우, 회사는 환불 결정 통보를 6개월 이내에 고객에게 알린다.","환불 결정 통보는 고객의 이익에 중대한 영향을 미치는 의사표시로, 6개월은 부당하게 긴 기한에 해당함.",제12조 제4호,"고객이 환불을 요청한 경우, 회사는 10영업일 이내에 환불 결정 여부를 고객에게 알리고, 결정에 따라 지체 없이 환불합니다."
v-151,AI_Generated_Data,의사표시의 의제,회사는 고객의 서비스 신청에 대한 승인 여부를 사업자 내부 사정에 따라 불확정적인 기간 내에 통보할 수 있다.,고객의 서비스 이용 시작에 대한 의사표시 기한을 '사업자 내부 사정'에 따라 불확정적으로 정하여 고객에게 불이익을 줌.,제12조 제4호,회사는 고객의 서비스 신청에 대한 승인 여부를 신청일로부터 3일 이내에 고객에게 통보합니다.
v-152,AI_Generated_Data,의사표시의 의제,고객의 귀책사유로 인한 손해배상액의 확정 및 통보는 회사가 산정 절차를 완료하는 시점에 이루어진다.,손해배상액 확정 및 통보 기한을 '산정 절차 완료 시점'과 같이 회사의 의사에 따라 지연될 수 있는 불확정 기한으로 정함.,제12조 제4호,"회사는 손해배상액 확정이 필요한 경우, 산정 절차를 완료한 날로부터 7일 이내에 고객에게 그 내용을 통보합니다."
v-153,AI_Generated_Data,의사표시의 의제,제품 하자에 대한 수리 완료 및 제품 인도의 시점은 부품 수급 상황에 따라 불명확하게 연기될 수 있다.,수리 완료 및 제품 인도 기한을 '부품 수급 상황'에 따라 불확정적으로 연기할 수 있도록 정하여 고객의 권리를 침해함.,제12조 제4호,"회사는 제품 수리가 필요한 경우, 수리 기간을 고객에게 명확히 고지해야 하며, 부득이한 사유로 지연될 경우 지연 사유 및 새로운 예상 완료 시점을 즉시 통보해야 합니다."
v-154,AI_Generated_Data,의사표시의 의제,"고객이 해지를 요청했더라도, 해지 효력 발생일은 회사가 고객에게 별도로 통보하는 시점부터 적용된다.",해지 효력 발생 시점을 회사의 임의적 통보 시점으로 정하여 고객의 계약 종료 권리 행사를 부당하게 지연시킴.,제12조 제4호,"고객이 해지를 요청하는 경우, 해지 요청이 회사에 도달한 시점 또는 관련 법령이 정하는 시점에 해지의 효력이 발생합니다."
v-155,AI_Generated_Data,의사표시의 의제,회사는 약관 변경 사항에 대한 고객의 이의 제기 결과를 회사의 회계 연도가 종료된 후에 고객에게 통보한다.,이의 제기 결과 통보 시점을 '회계 연도 종료 후'와 같이 고객의 이익과 무관하게 부당하게 긴 기한으로 정함.,제12조 제4호,"회사는 고객의 이의 제기가 있는 경우, 10일 이내에 그 결과를 고객에게 통보하여야 합니다."
v-156,AI_Generated_Data,의사표시의 의제,"고객이 이의를 제기한 경우, 회사는 이에 대한 답변 기한을 정하지 않으며, 답변 시점은 회사의 업무 일정에 따른다.",이의 제기에 대한 답변 기한을 '업무 일정에 따른다'와 같이 회사의 사정에 따라 불확정적으로 정하여 고객의 권리 구제를 지연시킴.,제12조 제4호,"고객이 이의를 제기한 경우, 회사는 10일 이내에 그 처리 결과를 고객에게 통보하여야 합니다."
v-157,AI_Generated_Data,의사표시의 의제,회사의 시스템 오류로 인한 고객의 손해 배상금은 손해 발생일로부터 1년이 경과한 후에 지급될 수 있다.,손해 배상금 지급을 '1년이 경과한 후'와 같이 부당하게 긴 기한으로 정하여 고객의 손해 보전을 지연시킴.,제12조 제4호,"회사는 손해 배상 사유가 발생한 경우, 손해액이 확정된 날로부터 14일 이내에 고객에게 이를 지급하여야 합니다."
v-158,AI_Generated_Data,의사표시의 의제,고객이 제출한 민원에 대한 처리 결과 통보는 관련 부서의 업무가 완료되는 시점에 이루어진다.,민원 처리 결과 통보 시점을 '업무 완료 시점'과 같이 회사의 사정에 따라 불확정적으로 정하여 고객의 권리 행사를 지연시킴.,제12조 제4호,회사는 고객이 제출한 민원에 대하여 14일 이내에 그 처리 결과 또는 진행 상황을 고객에게 통보하여야 합니다.
v-159,AI_Generated_Data,의사표시의 의제,"본 계약의 자동 갱신 거절에 대한 회신은 계약 만료일 직전에 이루어질 수 있으며, 고객은 이에 이의를 제기할 수 없다.",갱신 거절 의사표시의 기한을 '계약 만료일 직전'과 같이 고객에게 준비할 시간을 주지 않는 부당하게 긴/불확정적 기한으로 정함.,제12조 제4호,"회사는 고객의 계약 갱신 거절 의사표시를 통지받은 경우, 지체 없이 고객에게 그 접수 및 처리 결과를 통보합니다."
,,,,,,
v-160,AI_Generated_Data,의사표시의 의제,본 약관의 변경 통보가 홈페이지에 게시된 시점에 고객에게 도달된 것으로 간주한다.,고객의 이익에 중대한 영향을 미치는 통보를 실제 수신 확인 없이 홈페이지 게시만으로 도달된 것으로 간주하여 고객에게 불리함.,제12조 제2호,"약관 변경 통보는 **개별적인 전자적 수단(전자우편, 문자 등)**으로 발송하여 도달을 확인하거나, 고객이 쉽게 알 수 있도록 합니다."
v-161,AI_Generated_Data,의사표시의 의제,회사가 고객에게 계약 해지 통보서를 발송한 즉시 그 통보가 고객에게 도달되어 효력이 발생한다.,통보가 실제로 고객에게 도달(수신)되기 전 발송 시점에 효력이 발생하는 것으로 간주하여 고객에게 불리함.,제12조 제2호,"계약 해지 통보는 고객에게 도달된 시점부터 효력이 발생하며, 회사는 도달 여부를 확인하기 위해 노력합니다."
v-162,AI_Generated_Data,의사표시의 의제,"회사가 고객의 기존 연락처로 전자우편을 발송한 경우, 반송 여부와 관계없이 고객에게 도달된 것으로 본다.","전자우편의 반송 여부를 확인하지 않고 도달된 것으로 간주하는 것은 고객에게 불리하며, 통신수단의 신뢰성을 확보해야 함.",제12조 제2호,"회사가 고객의 기존 연락처로 전자우편을 발송하였더라도, 반송되는 등 도달되지 않았음이 명백한 경우에는 도달된 것으로 보지 않습니다."
v-163,AI_Generated_Data,의사표시의 의제,고객의 연체 사실 통보는 회사가 발송 대행업체에 위탁한 시점에 고객에게 도달된 것으로 간주한다.,연체 사실과 같이 고객에게 불이익을 주는 통보를 발송 대행 위탁 시점에 도달된 것으로 간주하여 고객에게 불리함.,제12조 제2호,고객의 연체 사실 통보는 고객에게 실제로 도달된 시점에 효력이 발생합니다.
v-164,AI_Generated_Data,의사표시의 의제,"회사가 고객에게 불리한 서비스 중단 예고를 문자 메시지로 발송한 경우, 전송 기록만으로 고객에게 도달된 것으로 인정한다.",문자 메시지의 전송 기록만으로 실제 수신 여부와 관계없이 도달된 것으로 인정하여 고객에게 불리함.,제12조 제2호,"회사는 고객에게 불리한 통보를 하는 경우, 도달이 확인된 시점에 효력이 발생하며, 도달 여부를 객관적으로 확인할 수 있어야 합니다."
v-165,AI_Generated_Data,의사표시의 의제,"고객이 주소 변경 통보 의무를 이행하지 않은 경우, 회사가 기존 주소로 발송한 모든 중요 통지는 고객에게 도달된 것으로 본다.",고객의 사소한 의무 불이행을 이유로 모든 중요 통지에 대해 도달 간주를 적용하는 것은 부당함.,제12조 제2호,"고객이 주소 변경 통보를 하지 않아 통지가 도달되지 않은 경우, 통상적으로 도달할 수 있었던 시점에 도달된 것으로 봅니다."
v-166,AI_Generated_Data,의사표시의 의제,"회사는 고객에게 중요한 통지를 등기우편으로 발송하면, 발송일로부터 3일이 경과한 때 고객에게 도달된 것으로 간주한다.",발송일로부터 기산하여 일방적으로 도달 시점을 확정하는 것은 우편 사정 등과 관계없이 고객에게 불리함.,제12조 제2호,"회사가 등기우편으로 통지하는 경우, 관련 법령 및 통상적인 우편 배송 기간을 고려하여 합리적으로 도달 시점을 산정합니다."
v-167,AI_Generated_Data,의사표시의 의제,본 계약의 해제 의사 표시는 고객의 사정으로 인해 반송되더라도 초기 발송 시점에 효력을 가진다.,고객에게 불리한 해제 의사표시의 효력을 실제 도달이 불가능했음에도 초기 발송 시점으로 소급시키는 것은 부당함.,제12조 제2호,"계약 해제 의사 표시는 고객에게 도달된 시점에 효력이 발생합니다. 반송된 경우, 회사는 재통보를 위한 합리적인 노력을 해야 합니다."
v-168,AI_Generated_Data,의사표시의 의제,"회사가 고객에게 추가 비용 납부 요구를 시스템에 등록한 경우, 고객이 로그인하여 확인하지 않았더라도 도달된 것으로 본다.",고객의 적극적인 확인 행위(로그인)가 없었음에도 시스템 등록만으로 도달을 간주하는 것은 부당함.,제12조 제2호,"회사가 추가 비용 납부를 요구하는 경우, 고객에게 개별적인 통지를 하고 그 통지가 도달된 시점에 효력이 발생합니다."
v-169,AI_Generated_Data,의사표시의 의제,고객에게 부여된 기한의 이익 상실 통보는 회사가 고객의 휴대전화 번호로 알림을 보낸 시점에 도달된 것으로 본다.,고객의 권익에 중대한 영향을 미치는 통보를 단순히 알림을 보낸 시점에 도달된 것으로 간주하는 것은 고객에게 불리함.,제12조 제2호,기한의 이익 상실 통보는 고객에게 실제로 도달되었음이 확인된 시점에 효력이 발생합니다.
,,,,,,
v-170,AI_Generated_Data,고객의 권익 보호,"고객은 계약 해지를 원하는 경우, 내용증명 우편으로만 의사 표시를 해야 하며, 전화나 전자우편은 무효이다.",고객의 의사표시 수단을 특정 우편 방식으로만 부당하게 제한하여 고객의 권리 행사를 어렵게 함.,제11조 제2호,"고객은 계약 해지를 원하는 경우, 서면(우편, 전자우편 등) 또는 기타 통신 수단을 이용하여 의사를 표시할 수 있습니다."
v-171,AI_Generated_Data,고객의 권익 보호,"고객이 회사에 대한 손해배상을 청구하려면 반드시 공증된 서류를 제출해야 하며, 일반 서류는 접수되지 않는다.",손해배상 청구 시 법적 의무가 없는 공증된 서류를 강제하여 고객에게 과도한 비용과 절차적 부담을 지움.,제11조 제2호,고객은 회사에 대한 손해배상을 청구할 때 청구 사유를 명시한 서류 및 관련 증빙 자료를 제출할 수 있습니다.
v-172,AI_Generated_Data,고객의 권익 보호,본 계약과 관련된 모든 이의 제기는 고객이 직접 사업장 본사를 방문하여 서면으로만 제출해야 한다.,이의 제기를 특정 장소 방문 및 서면 제출로만 제한하여 고객의 권리 행사를 부당하게 제한함.,제11조 제2호,"고객은 본 계약과 관련된 이의를 전화, 전자우편, 서면 등 고객이 편리한 방법으로 회사에 제출할 수 있습니다."
v-173,AI_Generated_Data,고객의 권익 보호,고객이 해지 의사를 통보할 때에는 반드시 인감증명서와 가족 관계 증명서를 함께 첨부해야 한다.,해지 의사 확인에 불필요한 과도한 개인정보 서류 제출을 강제하여 고객의 권리 행사를 방해함.,제11조 제2호,고객은 해지 의사를 통보할 때 본인임을 확인할 수 있는 최소한의 정보를 회사에 제공합니다.
v-174,AI_Generated_Data,고객의 권익 보호,"고객의 권리 행사(환불, 보수 등)는 사업자가 지정한 특정 양식에 특정 색상의 펜으로 기재된 경우에만 인정된다.",권리 행사의 형식에 대해 자의적이고 불합리한 제한을 두어 고객의 의사표시 효력을 부당하게 부정함.,제11조 제2호,고객의 권리 행사에 대한 의사표시는 그 내용이 명확히 전달된 경우 인정됩니다.
v-175,AI_Generated_Data,고객의 권익 보호,"고객은 약관 변경에 대한 이의를 제기할 권리가 7일 이내로 제한되며, 이 기간을 경과하면 이의 제기가 불가능하다.",법률상 보장된 **충분한 이의 제기 기간(통상 30일)**을 7일로 부당하게 단축하여 고객의 권리 행사를 제한함.,제11조 제3호,고객은 약관 변경에 대한 이의를 회사가 정한 합리적인 기간(통상 30일 이상) 내에 제기할 수 있습니다.
v-176,AI_Generated_Data,고객의 권익 보호,"고객의 의사표시는 회사의 대표이사에게 직접 전달된 경우에만 효력이 발생하며, 다른 직원의 수령은 인정되지 않는다.",의사표시의 도달 주체를 최고 경영진으로 부당하게 제한하여 고객의 통상적인 의사표시 효력을 부정함.,제11조 제2호,고객의 의사표시는 회사의 적법한 업무 담당 부서에 도달된 경우 효력이 발생합니다.
v-177,AI_Generated_Data,고객의 권익 보호,"본 계약의 해지는 계약 만료일 90일 전부터 60일 전 사이의 30일 동안만 통보할 수 있으며, 이외의 기간 통보는 무효이다.",해지 통보 기간을 30일로 극단적으로 제한하여 고객의 계약 해제/해지 권리 행사를 부당하게 방해함.,제11조 제2호,"본 계약의 해지 통보는 계약 만료일 이전 합리적인 기간 내에 할 수 있으며, 회사는 고객의 해지 통보를 수리해야 합니다."
v-178,AI_Generated_Data,고객의 권익 보호,고객이 계약을 해지하려면 해당 해지 사유를 3인 이상의 공증인으로부터 확인받아야 한다.,계약 해지라는 일상적인 행위에 3인 이상의 공증인 확인이라는 과도하고 불필요한 절차를 강제하여 권리 행사를 방해함.,제11조 제2호,고객은 해지 사유를 명시하여 회사에 통보함으로써 계약을 해지할 수 있습니다.
v-179,AI_Generated_Data,고객의 권익 보호,"고객이 작성한 모든 서류의 기재 내용 중 한 글자라도 오자가 있을 경우, 해당 의사표시는 무효가 된다.",내용 전달에 지장이 없는 **사소한 오류(오자)**를 이유로 고객의 중대한 의사표시 자체를 무효화하는 것은 부당함.,제11조 제2호,"고객의 의사표시는 그 내용이 실질적으로 명확하게 확인되는 경우에 효력이 발생하며, 사소한 오자는 그 효력에 영향을 미치지 않습니다."
,,,,,,
v-180,AI_Generated_Data,의사표시의 의제,"고객이 변경된 약관을 1회 이상 열람한 경우, 약관 변경에 동의한 것으로 간주한다.",단순 열람 행위(작위)를 약관 변경이라는 중대한 사안에 대한 명시적 동의로 간주하는 것은 부당함.,제12조 제1호,"약관 변경에 대한 동의는 고객의 명시적인 동의를 받거나, 고객에게 충분한 기간 동안 고지하고 거부 의사를 밝히지 않은 경우에 한하여 인정됩니다."
v-181,AI_Generated_Data,의사표시의 의제,"회사가 고객에게 발송한 자동 갱신 통보에 대해 고객이 30일 이내에 해지 의사를 통보하지 않으면, 계약은 자동으로 갱신된 것으로 본다.",고객에게 불리한 자동 갱신에 대해 명시적인 고지나 확인 없이 단순히 **부작위(통보하지 않음)**를 동의로 간주하는 것은 부당함.,제12조 제1호,"회사는 계약 만료일 전에 자동 갱신 의사를 개별적으로 확인하며, 고객이 명시적으로 동의한 경우에만 계약이 갱신됩니다."
v-182,AI_Generated_Data,의사표시의 의제,"고객이 서비스를 계속 이용할 경우, 회사의 새로운 규정에 동의한 것으로 간주한다.",서비스 이용 지속이라는 작위를 새로운 규정이라는 불명확한 내용에 대한 포괄적 동의로 간주하는 것은 부당함.,제12조 제1호,"회사가 새로운 규정을 시행할 경우, 고객에게 명확히 고지하며, 고객은 그 규정에 동의한 경우에만 서비스를 계속 이용할 수 있습니다."
v-183,AI_Generated_Data,의사표시의 의제,"고객이 회사의 홈페이지에서 탈퇴하지 않고 1년 이상 로그인하지 않은 경우, 본 계약상 모든 권리를 포기한 것으로 본다.",장기간 **부작위(로그인하지 않음)**를 근거로 계약상 모든 권리라는 중대한 권익을 포기한 것으로 간주하는 것은 부당함.,제12조 제1호,회사는 고객의 장기간 미이용 시에도 계약상 권리를 임의로 포기한 것으로 간주하지 않습니다.
v-184,AI_Generated_Data,의사표시의 의제,"회사가 고객에게 추가 요금 부과 내용을 문자 메시지로 발송하였고, 고객이 24시간 이내에 거부 의사를 밝히지 않으면, 해당 요금 부과에 묵시적으로 동의한 것으로 간주한다.",고객에게 불리한 요금 부과에 대해 24시간이라는 매우 짧은 기간 내 부작위를 묵시적 동의로 간주하는 것은 부당함.,제12조 제1호,추가 요금 부과는 고객의 명시적인 동의를 얻은 후에 이루어집니다.
v-185,AI_Generated_Data,의사표시의 의제,"고객이 제품 수령 후 7일 이내에 하자에 대한 이의를 제기하지 않으면, 하자가 없는 완제품 인수에 동의한 것으로 본다.",7일 이내 부작위를 근거로 하자가 없다는 중대한 사실에 동의한 것으로 간주하여 고객에게 불리함.,제12조 제1호,"고객은 제품 수령 후 합리적인 기간 내에 하자에 대한 이의를 제기할 수 있으며, 이 기간 내에 이의 제기가 없었다는 이유만으로 하자가 없음에 동의한 것으로 간주하지 않습니다."
v-186,AI_Generated_Data,의사표시의 의제,"고객이 본 계약과 관련된 분쟁이 발생했음에도 회사의 중재 절차 요청에 10일 이내 응하지 않으면, 소송 제기 권한을 포기한 것으로 간주한다.",고객의 부작위를 근거로 헌법상 보장된 소송 제기 권한을 포기한 것으로 간주하는 것은 부당함.,제12조 제1호,"고객은 회사의 중재 절차 요청에 응할 의무가 없으며, 소송 제기 권한은 고객의 의사에 따라 행사됩니다."
v-187,AI_Generated_Data,의사표시의 의제,본 서비스에 가입하는 것은 고객의 개인정보 제3자 제공에 포괄적으로 동의하는 것으로 본다.,서비스 가입이라는 작위를 민감한 정보의 제3자 제공이라는 별도의 중대한 사안에 대한 포괄적 동의로 간주하는 것은 부당함.,제12조 제1호,고객의 개인정보 제3자 제공은 관련 법령에 따라 고객의 별도 동의를 받은 후에 이루어집니다.
v-188,AI_Generated_Data,의사표시의 의제,"고객이 상품 대금을 납부한 경우, 이는 상품의 인도 기일 변경에 동의한 것으로 본다.",상품 대금 납부라는 작위를 인도 기일 변경이라는 별도의 계약 조건 변경에 대한 동의로 간주하는 것은 부당함.,제12조 제1호,"상품 인도 기일의 변경은 고객의 명시적인 동의를 받은 후에 이루어지며, 단순 대금 납부만으로 동의한 것으로 보지 않습니다."
v-189,AI_Generated_Data,의사표시의 의제,"고객이 회사의 마케팅 활동에 명시적으로 거부 의사를 밝히지 않은 경우, 광고성 정보 수신에 동의한 것으로 간주한다.","부작위를 광고성 정보 수신에 대한 능동적 동의로 간주하는 것은 부당하며, 관련 법령(정보통신망법)에 위배될 소지가 높음.",제12조 제1호,"광고성 정보 수신은 고객의 명시적인 동의를 받은 후에 이루어지며, 고객은 언제든지 동의를 철회할 수 있습니다."
,,,,,,
v-190,AI_Generated_Data,고객의 권익 보호,회사는 고객에게 별도의 동의 없이 업무상 알게 된 고객의 개인 신용정보를 마케팅 목적으로 제3자에게 제공할 수 있다.,고객의 개인 신용정보를 별도 동의 없이 마케팅 목적으로 제3자에게 제공하는 것은 업무상 비밀 누설을 허용하는 것임.,제11조 제4호,"회사는 고객의 개인 신용정보 보호 법령에 따라, 고객의 명시적인 동의 없이는 정보를 제3자에게 제공하거나 마케팅 목적으로 활용하지 않습니다."
v-191,AI_Generated_Data,고객의 권익 보호,회사는 서비스 개선 및 연구를 위하여 고객의 민감한 의료 정보 일체를 익명 처리 없이 관계 기관에 제공할 수 있다.,민감한 의료 정보를 익명 처리 없이 관계 기관에 제공하는 것은 고객의 비밀을 정당한 이유 없이 누설하는 것에 해당함.,제11조 제4호,"고객의 민감 정보는 관련 법령 및 고객의 동의에 따라 처리하며, 서비스 개선 목적 등으로 활용할 경우 식별이 불가능하도록 익명 처리를 거칩니다."
v-192,AI_Generated_Data,고객의 권익 보호,회사는 고객의 계약 해지 이후에도 고객의 거래 실적 및 금융 정보를 내부 자료로 영구 보존 및 활용할 수 있다.,계약 해지 후에도 고객의 거래 실적 및 금융 정보를 영구 보존 및 활용하는 것은 고객 비밀을 과도하게 이용하는 것임.,제11조 제4호,"회사는 고객의 계약 해지 후 관련 법령에 따른 보존 기간이 경과하면, 고객의 개인정보 및 비밀 정보를 지체 없이 파기합니다."
v-193,AI_Generated_Data,고객의 권익 보호,본 약관에 동의하는 것은 회사가 고객의 모든 정보를 자유롭게 활용하고 제3자와 공유하는 것에 동의하는 것으로 간주한다.,모든 정보'의 '자유로운 활용 및 공유'를 포괄적으로 동의하도록 강제하여 고객 비밀에 대한 보호 의무를 회피함.,제11조 제4호,고객의 정보 활용 및 제3자 제공은 활용 목적 및 범위를 명확히 하고 고객의 개별적인 동의를 얻은 후에 이루어집니다.
v-194,AI_Generated_Data,고객의 권익 보호,"고객이 회사의 협력업체에 대한 정보 제공에 동의하지 않을 경우, 서비스 이용이 제한될 수 있다.",서비스 제공과 직접 관련 없는 정보 제공 동의를 거부했다는 이유로 서비스 이용 자체를 제한하는 것은 부당함.,제11조 제4호,"고객은 협력업체에 대한 정보 제공 동의를 거부할 수 있으며, 동의 거부가 서비스 이용에 필수적이지 않은 경우 서비스 이용이 제한되지 않습니다."
v-195,AI_Generated_Data,고객의 권익 보호,"회사는 고객에게 사전에 고지할 경우, 고객의 영업 비밀에 해당하는 정보를 공공의 이익을 위해 공개할 수 있다.",고객의 영업 비밀을 '공공의 이익'이라는 불명확한 사유로 임의로 공개할 수 있도록 하는 것은 비밀 누설을 허용하는 것임.,제11조 제4호,회사는 법률에 특별한 규정이 있는 경우를 제외하고는 고객의 영업 비밀을 고객의 명시적인 동의 없이 공개할 수 없습니다.
v-196,AI_Generated_Data,고객의 권익 보호,고객 정보 유출로 인한 회사의 모든 법적 책임은 관련 법령이 허용하는 범위 내에서 면제된다.,정보 유출에 대한 회사의 책임을 '관련 법령이 허용하는 범위 내에서'라는 문구로 최대한 면제하려는 시도는 부당함.,제11조 제4호,회사는 고객 정보 유출로 인해 고객에게 발생한 손해에 대해 관련 법령이 정하는 바에 따라 책임을 부담합니다.
v-197,AI_Generated_Data,고객의 권익 보호,회사는 분쟁 발생 시 고객의 동의 없이 분쟁 해결을 위해 고객의 모든 개인정보를 외부 법률 대리인에게 제공할 수 있다.,분쟁 해결 목적이라도 고객의 동의 없이 모든 개인정보를 외부 대리인에게 제공하는 것은 비밀 누설에 해당함.,제11조 제4호,"회사는 분쟁 해결을 위해 고객의 정보를 제공할 필요가 있는 경우, 고객의 동의를 받거나 관련 법령 및 법원의 명령에 따라 최소한의 정보를 제공합니다."
v-198,AI_Generated_Data,고객의 권익 보호,고객의 정보는 회사가 정하는 기준과 절차에 따라 언제든지 다른 회사의 서비스와 통합되어 이용될 수 있다.,고객 정보의 타사 서비스와의 통합 이용에 대해 포괄적이고 불명확한 동의를 받으려는 시도는 부당한 비밀 누설 허용에 해당함.,제11조 제4호,"고객의 정보가 다른 회사의 서비스와 통합되어 이용되는 경우, 회사는 이용 목적, 범위 및 기간을 명확히 하고 고객의 별도 동의를 받아야 합니다."
v-199,AI_Generated_Data,고객의 권익 보호,고객의 비밀 정보를 누설한 경우에도 사업자나 피고용자에게 고의 또는 중대한 과실이 없으면 책임지지 않는다.,비밀 누설에 대한 사업자의 책임 요건을 고의 또는 중과실로 한정하여 경과실에 대한 책임을 면제하려는 것은 부당함.,제11조 제4호,"사업자나 피고용인의 **귀책사유(고의 또는 과실)**로 인해 고객의 비밀 정보가 누설되어 고객에게 손해가 발생한 경우, 회사는 그에 대한 책임을 부담합니다."
,,,,,,
v-200,AI_Generated_Data,계약의 해제ㆍ해지,고객은 본 서비스 계약 기간 중 회사의 경쟁업체와 동일 또는 유사한 내용의 계약을 체결할 수 없다.,고객의 자유로운 영업 활동 및 제3자와의 계약 체결의 자유를 부당하게 제한하여 고객에게 불리함.,제9조 제5호,고객은 본 서비스 이용에 지장을 주지 않는 범위 내에서 자유롭게 제3자와 계약을 체결할 수 있습니다.
v-201,AI_Generated_Data,계약의 해제ㆍ해지,고객이 회사의 제품을 구매한 후 다른 사업자의 호환 제품 또는 부품을 사용하는 것을 금지한다.,"고객의 구매한 제품에 대한 자유로운 사용권을 침해하고, 제3자와의 거래를 부당하게 제한함.",제9조 제5호,고객은 회사의 제품을 구매한 후 관련 법령 및 규격에 맞는 다른 사업자의 호환 제품 또는 부품을 사용할 수 있습니다.
v-202,AI_Generated_Data,계약의 해제ㆍ해지,프랜차이즈 가맹점은 회사의 서면 승인 없이 제3자와 원자재 공급 계약을 체결할 수 없다.,가맹점의 자율적인 영업 및 구매 선택권을 회사의 서면 승인으로 부당하게 제한함.,제9조 제5호,프랜차이즈 가맹점은 회사가 지정한 필수 원자재 외의 품목에 대해 자유롭게 제3자와 공급 계약을 체결할 수 있습니다.
v-203,AI_Generated_Data,계약의 해제ㆍ해지,본 장비를 임차한 고객은 임차 기간 중 이를 제3자에게 양도하거나 재임대할 수 없다.,임차 고객의 임차물에 대한 합리적인 사용 및 처분 권한을 부당하게 제한함.,제9조 제5호,고객은 임차한 장비를 회사의 사전 동의를 받아 제3자에게 양도하거나 재임대할 수 있습니다.
v-204,AI_Generated_Data,계약의 해제ㆍ해지,고객은 회사의 사전 서면 동의 없이 서비스를 제3자에게 유상 또는 무상으로 제공할 수 없다.,고객의 자유로운 서비스 활용 및 제3자와의 거래를 사업자의 서면 동의로 부당하게 제한함.,제9조 제5호,고객은 본 계약의 목적에 반하지 않는 범위 내에서 서비스를 제3자에게 유상 또는 무상으로 제공할 수 있습니다.
v-205,AI_Generated_Data,계약의 해제ㆍ해지,본 아파트의 수분양자는 입주 후 5년 이내에 제3자에게 전매하거나 임대할 수 없다.,부동산의 소유권에 기반한 자유로운 처분권을 부당하게 장기간 제한함.,제9조 제5호,수분양자는 관련 법령이 허용하는 범위 내에서 본 아파트를 제3자에게 전매하거나 임대할 수 있습니다.
v-206,AI_Generated_Data,계약의 해제ㆍ해지,고객은 본 계약상 발생하는 모든 채권을 회사의 동의 없이 제3자에게 양도할 수 없다.,고객의 법률상 당연히 가지는 채권의 자유로운 처분 권한을 사업자의 동의라는 조건으로 부당하게 제한함.,제9조 제5호,"고객은 본 계약상 발생하는 채권을 제3자에게 양도할 수 있으며, 이 경우 민법 등 관련 법령에 따라 회사에 그 사실을 통지해야 합니다."
v-207,AI_Generated_Data,계약의 해제ㆍ해지,고객이 설치된 회사의 소프트웨어를 사용하는 경우 제3자와의 공동 연구 또는 개발 행위를 금지한다.,고객의 자유로운 학술 활동 및 기술 개발을 부당하게 제한함.,제9조 제5호,고객은 회사의 소프트웨어를 사용하는 경우에도 회사의 지식재산권을 침해하지 않는 범위 내에서 제3자와 공동 연구 또는 개발 행위를 할 수 있습니다.
v-208,AI_Generated_Data,계약의 해제ㆍ해지,고객은 회사가 제공하는 결제 시스템 외 다른 결제 대행업체의 서비스를 이용하는 것을 금지한다.,고객의 자유로운 서비스 선택권 및 제3자와의 계약을 부당하게 제한함.,제9조 제5호,고객은 회사가 제공하는 결제 시스템 외에도 고객이 원하는 결제 대행업체의 서비스를 이용할 수 있습니다.
v-209,AI_Generated_Data,계약의 해제ㆍ해지,고객은 본 서비스 이용 과정에서 알게 된 회사의 결함이나 문제점을 제3자에게 알릴 수 없다.,"고객의 자유로운 의사 표현 및 정보 공유를 부당하게 제한하고, 공익 제보 등을 방해함.",제9조 제5호,고객은 회사의 영업비밀을 침해하지 않는 범위 내에서 본 서비스의 결함이나 문제점을 제3자에게 알릴 수 있습니다.
,,,,,,
v-210,AI_Generated_Data,계약의 해제ㆍ해지,"고객이 1회라도 할부 대금 납부를 지연할 경우, 고객은 잔여 대금 전액을 즉시 일시불로 변제해야 한다.",단 1회의 지연이라는 사소한 채무 불이행을 이유로 잔액 전액에 대한 기한의 이익을 즉시 상실시키는 것은 부당함.,제9조 제5호,"고객이 2회 이상 할부 대금 납부를 지연하거나, 그 외 기한 이익 상실 사유에 해당하는 경우 잔여 대금 전액을 변제해야 합니다."
v-211,AI_Generated_Data,계약의 해제ㆍ해지,"고객이 본 계약상 의무 중 사소한 사항이라도 위반할 경우, 모든 채무의 변제 기한은 통지 없이 상실된 것으로 본다.",사소한 사항' 위반이라는 불명확하고 경미한 사유로 중대한 기한의 이익을 상실시키는 것은 부당함.,제9조 제5호,"고객이 중대한 계약상 의무를 위반하고, 회사가 정한 상당한 기간 내에 이를 시정하지 않을 경우 기한의 이익이 상실될 수 있습니다."
v-212,AI_Generated_Data,계약의 해제ㆍ해지,"고객이 회사의 다른 서비스 계약에서 채무 불이행이 발생하면, 본 계약의 잔여 채무도 즉시 기한의 이익이 상실된다.",다른 계약의 채무 불이행을 이유로 본 계약의 기한의 이익을 상실시키는 것은 채권자 평등의 원칙에 어긋나며 부당함.,제9조 제5호,본 계약상 잔여 채무의 기한 이익 상실은 본 계약의 채무 불이행 사유에 한하여 발생합니다.
v-213,AI_Generated_Data,계약의 해제ㆍ해지,"회사는 고객의 신용 상태가 악화되었다고 판단하는 경우, 잔여 대금의 지급 기한을 변경하고 즉시 변제를 요구할 수 있다.",신용 상태 악화'라는 자의적이고 불명확한 판단 기준으로 기한의 이익을 일방적으로 박탈하는 것은 부당함.,제9조 제5호,회사는 관련 법령 및 공정성이 확보된 객관적인 신용 정보를 근거로 고객에게 기한의 이익 상실을 통보할 수 있습니다.
v-214,AI_Generated_Data,계약의 해제ㆍ해지,"고객이 담보물을 회사의 사전 동의 없이 이전할 경우, 대출금 전액의 기한의 이익은 즉시 상실된다.",담보권 행사에 중대한 영향을 미치지 않는 단순한 이전까지 기한의 이익 상실 사유로 정하는 것은 과도함.,제9조 제5호,고객이 담보물을 훼손하거나 회사의 담보권 행사에 중대한 지장을 초래할 우려가 있는 경우에 기한의 이익이 상실됩니다.
v-215,AI_Generated_Data,계약의 해제ㆍ해지,"고객은 회사가 제공하는 할인 혜택의 조건 중 일부를 이행하지 않을 경우, 할인된 금액을 포함한 원금 전액을 즉시 상환해야 한다.",할인 혜택의 사소한 불이행을 이유로 원금 전액에 대한 기한의 이익을 상실시키고 할인 금액까지 즉시 반환을 요구하는 것은 부당함.,제9조 제5호,"고객이 할인 혜택 조건을 이행하지 않은 경우, 해당 할인 혜택만 소멸하며, 원금 전액에 대한 기한의 이익은 본 계약상의 사유가 발생해야 상실됩니다."
v-216,AI_Generated_Data,계약의 해제ㆍ해지,"고객이 회사와 관련된 다른 법률 분쟁에 휘말리게 될 경우, 본 계약상 잔여 채무의 이행 기한은 즉시 종료된다.",다른 법률 분쟁에 휘말린 사실' 만으로 본 계약의 기한의 이익을 박탈하는 것은 고객의 권리를 부당하게 제한함.,제9조 제5호,본 계약상 잔여 채무의 기한 이익 상실은 본 계약의 이행에 중대한 영향을 미치는 경우에 한하여 발생합니다.
v-217,AI_Generated_Data,계약의 해제ㆍ해지,회사는 시장의 상황 변화를 이유로 고객에게 부여된 잔여 대금의 유예 기간을 일방적으로 단축할 수 있다.,시장의 상황 변화'라는 일방적이고 불명확한 사유로 고객의 기한의 이익을 임의로 단축하는 것은 부당함.,제9조 제5호,회사는 법령이 허용하거나 고객이 동의한 경우를 제외하고는 고객에게 부여된 채무의 이행 기한을 일방적으로 단축할 수 없습니다.
v-218,AI_Generated_Data,계약의 해제ㆍ해지,"고객이 연체금을 완납하였더라도, 회사는 기한의 이익 상실을 해제할 의무가 없으며, 전액 변제를 요구할 수 있다.",기한 이익 상실의 원인이 해소되었음에도 이를 해제할 의무를 면제하고 전액 변제를 요구하는 것은 부당함.,제9조 제5호,"고객이 기한의 이익 상실을 발생시킨 연체금 등 해당 사유를 모두 해소한 경우, 회사는 특별한 사유가 없는 한 기한의 이익 상실 조치를 해제하여야 합니다."
v-219,AI_Generated_Data,계약의 해제ㆍ해지,"고객이 주소 변경 등의 통보 의무를 지연할 경우, 모든 분할 납부 혜택은 취소되며 잔액 전액을 상환해야 한다.",주소 변경 통보 지연이라는 경미한 의무 위반을 이유로 분할 납부 혜택(기한의 이익)을 취소하고 전액 상환을 요구하는 것은 부당함.,제9조 제5호,"고객이 주소 변경 통보 의무를 지연하더라도, 이는 잔액 전액 상환 사유가 될 수 없으며, 통보 의무를 이행하여야 합니다."
,,,,,,
v-220,AI_Generated_Data,고객의 권익 보호,고객은 회사의 서비스 제공에 하자가 있더라도 이에 대한 항변(대응)을 이유로 대금 지급을 거절할 수 없다.,서비스 하자에 대한 대금 지급 거절(동시이행의 항변권) 등 법률상 항변권을 부당하게 배제함.,제11조 제1호,"고객은 회사의 서비스 제공에 중대한 하자가 발생한 경우, 그 하자에 비례하여 대금의 지급을 거절하거나 유보할 수 있습니다."
v-221,AI_Generated_Data,고객의 권익 보호,"고객이 회사에 대해 별도의 채권을 가지고 있더라도, 본 계약상의 채무와 상계하는 것은 허용되지 않는다.",고객의 법률상 당연히 가지는 상계권을 상당한 이유 없이 전면적으로 제한함.,제11조 제1호,고객은 회사에 대해 가지는 채권과 본 계약상의 채무를 관련 법령에 따라 상계할 수 있습니다.
v-222,AI_Generated_Data,고객의 권익 보호,"회사가 납품한 제품에 결함이 발생할 경우에도, 고객은 제품의 하자를 이유로 잔금 지급을 유보할 수 없다.",제품 하자를 이유로 한 **잔금 지급 유보(항변권)**라는 법률상 권리를 부당하게 제한함.,제11조 제1호,"고객은 회사가 납품한 제품에 결함이 발생할 경우, 하자 보수 또는 손해배상 청구를 할 수 있으며, 그에 상응하여 잔금 지급을 유보할 수 있습니다."
v-223,AI_Generated_Data,고객의 권익 보호,"고객은 회사의 청구에 대하여 어떠한 사유로도 지급을 거절할 수 없으며, 이의는 별도의 절차를 통해 제기해야 한다.",어떠한 사유로도 지급 거절권을 행사할 수 없도록 고객의 법률상 항변권을 전면적으로 배제함.,제11조 제1호,고객은 회사의 청구 내용에 명백한 오류나 하자가 있는 경우 등 법률이 허용하는 사유로 지급을 거절하거나 이의를 제기할 수 있습니다.
v-224,AI_Generated_Data,고객의 권익 보호,"고객은 회사의 귀책사유로 인한 손해배상 채권이 발생하더라도, 이를 이용료 채무와 상계 처리할 수 없다.",고객에게 발생한 손해배상 채권을 이용료 채무와 상계하는 권리를 부당하게 제한함.,제11조 제1호,고객은 회사의 귀책사유로 발생한 손해배상 채권을 본 계약상의 이용료 채무와 상계 처리할 수 있습니다.
v-225,AI_Generated_Data,고객의 권익 보호,"회사가 대출 채권을 제3자에게 양도하는 경우, 고객은 회사에 대항할 수 있었던 사유로써 양수인에게 대항할 수 없다.",채권 양도 시 채무자가 양수인에게 대항할 수 있는 법률상 권리를 부당하게 배제함(민법 제451조 위반).,제11조 제1호,"회사가 채권을 제3자에게 양도하는 경우에도, 고객은 회사에 대항할 수 있었던 사유로써 양수인에게 대항할 수 있습니다."
v-226,AI_Generated_Data,고객의 권익 보호,회사가 제공한 서비스의 품질이 약정 기준에 미달하더라도 대금의 감액을 요구하며 항변할 수 없다.,품질 미달에 따른 대금 감액 요구라는 법률상 권리를 부당하게 제한함.,제11조 제1호,"회사가 제공한 서비스의 품질이 약정 기준에 미달하는 경우, 고객은 그 미달 정도에 따라 대금 감액을 요구하며 항변할 수 있습니다."
v-227,AI_Generated_Data,고객의 권익 보호,본 계약의 모든 채무는 고객이 회사에 가지는 모든 종류의 권리(상계권 포함)에 우선하여 이행되어야 한다.,고객이 가지는 모든 법률상 권리보다 계약상 채무 이행을 무조건 우선하도록 강제하여 권리 행사를 사실상 불가능하게 함.,제11조 제1호,"고객은 본 계약상의 채무 이행과 별도로 **법률에 따른 권리(상계권, 항변권 등)**를 행사할 수 있습니다."
v-228,AI_Generated_Data,고객의 권익 보호,"회사가 공급하는 제품에 하자가 명백한 경우에도, 고객은 하자 보수가 완료될 때까지 대금 지급을 거절할 권리가 없다.",제품의 명백한 하자에도 불구하고 **대금 지급 거절권(항변권)**을 부당하게 제한함.,제11조 제1호,"회사가 공급하는 제품에 하자가 명백한 경우, 고객은 하자 보수가 완료되거나 손해배상이 이루어질 때까지 그 대금의 지급을 거절할 수 있습니다."
v-229,AI_Generated_Data,고객의 권익 보호,본 계약서에 명시된 채무 이외의 다른 사유로써 회사의 채권 행사에 이의를 제기하거나 항변할 수 없다.,계약서에 명시되지 않은 법률상의 다른 항변 사유를 들어 항변하는 권리까지 전면적으로 제한함.,제11조 제1호,고객은 본 계약서에 명시된 사유 외에도 법률상 허용되는 사유로 회사의 채권 행사에 이의를 제기하거나 항변할 수 있습니다.
,,,,,,
v-230,AI_Generated_Data,계약의 해제ㆍ해지,회사는 내부 경영상의 이유로 고객에게 통지 없이 서비스 제공을 일방적으로 중단할 수 있다.,사업자의 **내부 사정(경영상 이유)**을 이유로 고객에게 통지 없이 서비스 제공을 중단하는 것은 해지권 요건을 부당하게 완화한 것임.,제9조 제4호,"회사가 서비스를 중단할 경우, 관련 법령에 따라 고객에게 사전에 명확히 통지하며, 고객의 손해를 배상합니다."
v-231,AI_Generated_Data,계약의 해제ㆍ해지,회사는 계약 기간 중 언제든지 고객에게 제공하기로 한 핵심 서비스를 영구적으로 종료할 수 있다.,계약 기간 중 핵심 서비스를 사업자가 일방적으로 종료할 수 있도록 허용하여 해지권 요건을 부당하게 완화함.,제9조 제4호,"회사는 계약 기간 중 서비스를 종료하려면 정당한 사유를 고객에게 사전에 통보하고, 고객에게 발생한 손해를 배상합니다."
v-232,AI_Generated_Data,계약의 해제ㆍ해지,회사는 필요하다고 판단될 경우 고객의 동의 없이 서비스 제공 의무를 다른 사업자에게 포괄적으로 이전할 수 있다.,고객과의 신뢰 관계에 기반한 의무를 고객 동의 없이 다른 사업자에게 포괄 이전하는 것은 부당함.,제9조 제4호,회사는 서비스 제공 의무를 다른 사업자에게 이전할 경우 고객에게 사전 통지하고 동의를 얻어야 합니다.
v-233,AI_Generated_Data,계약의 해제ㆍ해지,회사는 시장의 상황 변화를 이유로 고객에게 제공되는 상품의 품질이나 성능을 일방적으로 저하시키거나 변경할 수 있다.,시장의 상황 변화'라는 불명확한 사유로 계약의 본질적 내용인 품질/성능을 일방적으로 저하시키는 것은 부당함.,제9조 제4호,"회사는 고객에게 제공되는 상품의 품질이나 성능을 변경할 필요가 있을 경우, 고객의 동의를 얻어야 합니다."
v-234,AI_Generated_Data,계약의 해제ㆍ해지,회사는 시스템 정기 점검의 필요성을 이유로 고객에게 사전 통보 없이 24시간 이상 서비스 제공을 중지할 수 있다.,고객의 이익에 중대한 영향을 미치는 장시간 중지를 사전 통보 없이 할 수 있도록 하여 사업자 책임을 부당하게 완화함.,제9조 제4호,"회사가 시스템 점검으로 인해 서비스를 중지할 경우, 사전에 고객에게 통지해야 하며, 불가피한 경우라도 중지 기간을 최소화해야 합니다."
v-235,AI_Generated_Data,계약의 해제ㆍ해지,"회사는 업무 효율을 위한 합리적인 사유가 있다고 판단될 경우, 고객과의 계약상 의무 이행을 제3자에게 대행시킬 수 있다.",업무 효율'이라는 자의적인 사유로 계약 이행 의무를 고객 동의 없이 제3자에게 대행시키는 것은 부당함.,제9조 제4호,"회사는 계약상 의무 이행을 제3자에게 대행시킬 경우, 고객의 권익 보호를 위해 그 제3자의 행위에 대해 회사와 동일한 책임을 부담합니다."
v-236,AI_Generated_Data,계약의 해제ㆍ해지,"고객이 회사에 대한 비판적인 의견을 외부에 표명할 경우, 회사는 해당 고객에게 제공 중인 모든 서비스를 즉시 중지한다.",고객의 정당한 의사 표현을 이유로 계약상 의무인 서비스 제공을 즉시 중지하는 것은 해지권 요건을 부당하게 완화한 것임.,제9조 제4호,회사는 고객의 정당한 의사 표현을 이유로 계약상 서비스 제공을 중지할 수 없습니다.
v-237,AI_Generated_Data,소송 제기의 금지 등,본 계약상 회사의 의무는 천재지변이나 기타 불가항력적인 사유 발생 시 자동으로 해제되어 서비스를 중단할 수 있다.,불가항력 발생 시 회사의 의무가 자동으로 해제되는 것으로 정하여 책임을 부당하게 면제함.,제14조 제1호,"회사는 불가항력적인 사유로 서비스 제공이 불가능할 경우 지체 없이 고객에게 통지하고, 그 사유가 해소되면 서비스를 재개합니다."
v-238,AI_Generated_Data,계약의 해제ㆍ해지,"회사는 계약 체결 후 고객이 부적절하다고 판단될 경우, 고객의 서비스 이용 시작을 정당한 이유 없이 무기한 연기할 수 있다.",부적절하다고 판단될 경우'라는 자의적이고 불명확한 사유로 계약 이행(서비스 시작)을 무기한 연기하는 것은 부당함.,제9조 제4호,"회사는 고객의 서비스 이용 시작을 연기하려면 정당하고 객관적인 사유가 있어야 하며, 그 기간 및 사유를 고객에게 즉시 통지해야 합니다."
v-239,AI_Generated_Data,계약의 해제ㆍ해지,고객이 이용 중인 서비스의 전부 또는 일부는 회사의 내부 사정에 따라 고객 동의 없이 다른 플랫폼으로 변경되어 제공될 수 있다.,고객이 계약한 서비스의 제공 장소(플랫폼)를 내부 사정을 이유로 고객 동의 없이 변경하는 것은 부당함.,제9조 제4호,"회사는 서비스 플랫폼을 변경할 경우, 고객의 이익에 중대한 영향을 미치는지 여부를 고려하여 사전에 통지하고 고객의 동의를 받아야 합니다."
,,,,,,
v-240,AI_Generated_Data,채무의 이행,회사는 시장의 상황 변화를 이유로 고객에게 제공하는 서비스의 요금을 고객 동의 없이 일방적으로 인상할 수 있다.,시장의 상황 변화'라는 불명확한 사유로 요금이라는 계약의 핵심 내용을 고객 동의 없이 일방적으로 변경함.,제10조 제1호,회사는 서비스 요금을 인상하려면 관련 법령에 따라 고객에게 사전에 통지하고 명시적인 동의를 받아야 합니다.
v-241,AI_Generated_Data,채무의 이행,회사는 경영 효율성 제고를 위해 고객이 이용하는 서비스의 품질이나 규격을 사전 통보 없이 임의로 변경할 수 있다.,경영 효율성이라는 사유로 서비스의 품질을 사전 통보 없이 임의 변경하여 계약상 채무를 일방적으로 이행하지 않을 여지를 만듦.,제10조 제1호,"회사는 고객에게 제공되는 서비스의 품질이나 규격을 변경하려면 고객의 동의를 얻어야 하며, 고객의 권익에 불리한 변경은 할 수 없습니다."
v-242,AI_Generated_Data,채무의 이행,회사는 고객에게 제공하기로 약정한 사은품 또는 혜택을 별도의 고지 없이 동급이 아닌 다른 상품으로 대체하여 지급할 수 있다.,약정된 사은품 등을 별도 고지 없이 고객에게 불리한 내용으로 임의 대체하여 고객의 권익을 침해함.,제10조 제1호,"회사는 약정된 사은품 또는 혜택을 변경해야 할 경우, 고객에게 사전 통지하고 동의를 얻거나 고객에게 불이익이 없는 동급 이상의 상품으로 대체 지급합니다."
v-243,AI_Generated_Data,채무의 이행,회사는 내부 운영상의 판단에 따라 고객에게 제공되는 기술 지원의 범위와 시간을 언제든지 축소하거나 폐지할 수 있다.,내부 운영상의 판단'이라는 자의적 사유로 약정된 기술 지원 의무를 일방적으로 축소하거나 폐지함.,제10조 제1호,회사는 약정된 기술 지원의 범위와 시간을 고객의 동의 없이 일방적으로 축소하거나 폐지할 수 없습니다.
v-244,AI_Generated_Data,채무의 이행,본 계약 기간 중 회사는 회사가 정하는 기준에 따라 고객에게 제공하는 상품의 성능을 일방적으로 조정할 수 있다.,회사가 정하는 기준이라는 자의적인 사유로 계약의 핵심인 상품의 성능을 일방적으로 조정하여 계약상 채무를 불이행할 여지를 만듦.,제10조 제1호,"회사는 상품의 성능을 변경하려면 고객의 동의를 얻어야 하며, 고객에게 불리하게 성능을 저하시킬 수 없습니다."
v-245,AI_Generated_Data,채무의 이행,"회사는 재료비 변동을 이유로, 이미 확정된 건설 계약의 총 공사 대금을 고객의 동의 없이 증액할 수 있다.",이미 확정된 계약 대금을 재료비 변동이라는 사유로 고객 동의 없이 일방적으로 증액하는 것은 부당함.,제10조 제1호,공사 대금의 변경은 관련 법령이 정하는 바에 따라 계약 당사자 간의 합의를 통해 이루어져야 합니다.
v-246,AI_Generated_Data,채무의 이행,"고객은 회사가 향후 결정하는 추가 비용이 발생할 경우, 그 비용을 회사의 요구대로 납부할 의무를 진다.",회사가 향후 결정하는 불확정적인 추가 비용에 대해 고객이 무조건 납부 의무를 지는 것은 부당함.,제10조 제1호,고객은 계약에 명시된 사유 및 절차에 따라 발생이 확정된 추가 비용에 대해서만 납부 의무를 집니다.
v-247,AI_Generated_Data,채무의 이행,회사는 고객 만족도 향상을 위하여 고객에게 불리한 수준으로 서비스 이용 조건을 변경할 권한을 갖는다.,**'고객 만족도 향상'**이라는 명분으로 고객에게 불리한 조건을 변경할 권한을 갖는 것은 논리적으로 모순되며 부당함.,제10조 제1호,"회사는 서비스 이용 조건을 변경하려면 고객에게 유리하거나 중대한 영향을 미치지 않는 경우에 한하며, 불리한 변경은 고객의 동의를 받아야 합니다."
v-248,AI_Generated_Data,채무의 이행,회사는 본 계약에 명시되지 않은 추가적인 서비스 제공 조건을 회사의 판단만으로 새로이 추가하여 고객에게 적용할 수 있다.,계약에 명시되지 않은 조건을 회사의 판단만으로 새로 추가하여 고객에게 적용하는 것은 채무 내용을 일방적으로 변경하는 것임.,제10조 제1호,"본 계약에 명시되지 않은 추가 서비스 제공 조건은 고객과의 협의 및 동의를 통해 정하며, 고객에게 불리한 조건은 적용하지 않습니다."
v-249,AI_Generated_Data,채무의 이행,회사는 상품의 수급 사정에 따라 고객에게 약속된 상품 인도 기일을 고객의 동의 없이 임의로 지연 또는 변경할 수 있다.,상품의 수급 사정'이라는 사업자 측 사유로 계약의 핵심인 인도 기일을 고객 동의 없이 임의로 변경하여 채무 불이행의 여지를 만듦.,제10조 제1호,"상품 인도 기일의 변경은 천재지변 등 불가피한 사유가 발생하거나 고객의 동의가 있는 경우에 한하여 가능하며, 지연 시 고객에게 손해를 배상합니다."
,,,,,,
v-250,AI_Generated_Data,계약의 해제ㆍ해지,"본 서비스 계약의 존속 기간은 최소 10년으로 하며, 고객은 이 기간 내에 해지할 수 없다.","10년이라는 장기간 동안 고객의 해지권을 전면적으로 박탈하는 것은 부당하며, 계속적 계약의 해지 자유를 침해함.",제9조 제1호,"고객은 계약 기간 중이라도 언제든지 계약을 해지할 수 있으며, 이 경우 관련 법령에 따라 해지에 따른 정산이 이루어집니다."
v-251,AI_Generated_Data,계약의 해제ㆍ해지,"고객이 별도의 해지 의사를 밝히지 않을 경우, 본 계약은 이전과 동일한 조건으로 자동 연장되며, 고객은 이에 동의한 것으로 간주한다.",고객의 부작위를 근거로 계약이 자동 연장된 것으로 간주하는 것은 부당함(특히 불리한 조건 변경이 있을 가능성).,제9조 제5호,"회사는 계약 만료일 전에 자동 갱신 여부를 고객에게 명확히 통보하며, 갱신 시에는 고객의 명시적인 재동의를 받습니다."
v-252,AI_Generated_Data,계약의 해제ㆍ해지,"계약 기간 만료일 3개월 전까지 고객이 이의를 제기하지 않으면, 본 계약은 무기한으로 자동 갱신된다.",해지 의사 표시 부재를 이유로 무기한으로 자동 갱신을 강제하는 것은 고객의 계약 해지 자유를 심각하게 침해함.,제9조 제5호,"계약의 갱신이 필요한 경우, 회사는 갱신 조건 및 기간을 명시하여 고객에게 사전에 통지하고 고객의 동의를 얻어야 합니다."
v-253,AI_Generated_Data,계약의 해제ㆍ해지,"본 회원권의 유효 기간은 1개월로 하며, 해지 시 위약금이 발생한다.",유효 기간이 1개월로 매우 짧은 단기 계약임에도 해지 시 위약금을 부과하는 것은 부당하게 과중한 손해배상 의무를 지우는 것임.,제9조 제2호,"본 회원권의 유효 기간이 1개월인 경우, 해지 시 위약금을 부과하지 않습니다. 다만, 고객에게 귀책사유가 있는 경우 실손해액을 청구할 수 있습니다."
v-254,AI_Generated_Data,계약의 해제ㆍ해지,계약 종료 후 5년 이내에는 회사의 동의 없이 본 계약과 관련된 유사 계약을 제3자와 체결할 수 없다.,계약 종료 후에도 5년이라는 장기간 동안 고객의 직업 선택 및 영업 활동의 자유를 부당하게 제한함.,제9조 제5호,"고객은 본 계약 종료 후 자유롭게 제3자와 유사 계약을 체결할 수 있습니다. 다만, 회사의 정당한 영업비밀을 침해하는 행위는 금지됩니다."
v-255,AI_Generated_Data,계약의 해제ㆍ해지,"회사는 계약 기간 중 고객에게 불리하게 약관을 변경하더라도, 고객은 남은 계약 기간 동안 해지할 수 없다.",고객에게 불리하게 약관이 변경되었음에도 해지권을 제한하는 것은 고객의 권리 행사를 부당하게 막는 것임.,제9조 제1호,"회사가 약관을 고객에게 불리하게 변경할 경우, 고객은 변경된 약관의 효력 발생일 전까지 계약을 해지할 수 있습니다."
v-256,AI_Generated_Data,계약의 해제ㆍ해지,"고객이 해지 의사를 통보하더라도, 회사가 후속 고객을 확보할 때까지는 계약이 자동으로 연장된다.",회사의 **영업상 필요(후속 고객 확보)**를 이유로 고객의 해지 효력 발생 시점을 일방적으로 지연시키는 것은 부당함.,제9조 제5호,"고객이 해지 의사를 통보하면, 통보가 도달된 시점 또는 관련 법령이 정하는 시점에 해지의 효력이 발생합니다."
v-257,AI_Generated_Data,계약의 해제ㆍ해지,"본 임대차 계약은 최초 계약 기간이 만료된 후, 회사가 별도 통보하지 않으면 자동으로 5년간 추가 연장된다.",회사의 **부작위(통보하지 않음)**를 이유로 임대차 계약이 5년이라는 장기간 동안 일방적으로 연장되는 것은 부당함.,제9조 제5호,본 임대차 계약은 계약 기간 만료 후 당사자 간의 합의에 의해서만 연장될 수 있습니다.
v-258,AI_Generated_Data,계약의 해제ㆍ해지,"계약 기간이 만료되기 6개월 전까지 서면으로만 해지 의사를 표시해야 하며, 이 기간을 넘기면 1년이 자동으로 연장된다.","6개월 전이라는 과도한 통보 기한과 서면이라는 방식을 강제하고, 위반 시 자동 연장을 부과하는 것은 부당함.",제9조 제5호,"고객은 계약 만료 1개월 전까지 서면, 전자우편 등 합리적인 방법으로 해지 의사를 통보할 수 있습니다."
v-259,AI_Generated_Data,계약의 해제ㆍ해지,본 계약은 고객에게 부득이한 사유가 발생하더라도 계약 기간이 만료되기 전에는 어떠한 경우에도 해지가 불가능하다.,"**부득이한 사유(질병, 이사 등)**가 발생한 경우에도 해지권을 전면적으로 박탈하는 것은 고객의 권리 행사를 부당하게 제한함.",제9조 제1호,"고객에게 부득이한 사유가 발생하여 계약 유지가 어려운 경우, 고객은 계약 기간 만료 전이라도 계약을 해지할 수 있습니다."
,,,,,,
v-260,AI_Generated_Data,계약의 해제ㆍ해지,"회사의 귀책사유로 계약이 해제되더라도, 고객에게 지급하는 손해배상액은 고객이 이미 납부한 이용료 총액을 초과할 수 없다.",손해배상액의 상한을 고객이 납부한 금액으로 부당하게 제한하여 사업자의 손해배상 의무를 경감함.,제9조 제3호,"회사의 귀책사유로 계약이 해제될 경우, 회사는 고객이 입은 모든 실질적인 손해를 배상합니다."
v-261,AI_Generated_Data,계약의 해제ㆍ해지,"회사의 책임으로 서비스 제공이 중단될 경우, 고객에게 반환해야 할 원상회복 금액은 회사가 임의로 산정한 기준에 따른다.",원상회복 금액의 기준을 회사가 임의로 산정하도록 하여 고객에게 반환할 의무를 부당하게 경감함.,제9조 제3호,"회사의 책임으로 서비스 제공이 중단될 경우, 고객에게 반환해야 할 원상회복 금액은 관련 법령 및 공정거래위원회의 기준에 따릅니다."
v-262,AI_Generated_Data,계약의 해제ㆍ해지,"회사의 귀책사유로 인한 계약 해지 시, 고객이 입은 정신적 손해에 대해서는 일절 배상하지 않는다.",법률상 인정되는 위자료(정신적 손해배상) 청구권을 일절 배제하여 손해배상 의무를 부당하게 경감함.,제9조 제3호,"회사의 귀책사유로 계약 해지 시, 고객이 입은 정신적 손해에 대해서도 법률이 허용하는 범위 내에서 배상합니다."
v-263,AI_Generated_Data,계약의 해제ㆍ해지,"회사가 계약을 위반하여 고객에게 손해를 입힌 경우, 고객에게 지급하는 손해배상금은 10만 원을 한도로 한다.","손해배상액을 10만 원으로 절대적으로 제한하여, 실제 손해액이 더 클 경우에도 그 책임을 회피함.",제9조 제3호,"회사가 계약을 위반하여 고객에게 손해를 입힌 경우, 회사는 고객이 입은 실제 손해액을 배상합니다."
v-264,AI_Generated_Data,계약의 해제ㆍ해지,회사는 계약 해제 시 고객에게 이미 납부된 금액에 대한 이자를 지급할 의무를 부담하지 않는다.,계약 해제 시 원상회복의 범위에 포함되는 기납부금에 대한 법정이자 지급 의무를 부당하게 배제함.,제9조 제3호,"회사는 계약 해제 시 고객에게 이미 납부된 금액을 반환하는 경우, 관련 법령에 따른 이자를 지급할 의무를 부담합니다."
v-265,AI_Generated_Data,계약의 해제ㆍ해지,"회사의 귀책사유로 계약이 해지되더라도, 고객은 회사의 원상회복의무를 면제하는 것에 동의한 것으로 본다.",고객의 묵시적 동의를 근거로 회사의 원상회복 의무를 면제하여 책임을 부당하게 경감함.,제9조 제3호,"고객은 회사의 원상회복 의무를 명시적으로 동의하지 않는 한 면제할 수 없으며, 회사는 해지 시 원상회복 의무를 이행합니다."
v-266,AI_Generated_Data,계약의 해제ㆍ해지,회사는 고객에게 서비스를 제공하지 못한 기간에 대해서도 이미 받은 대금을 반환할 의무가 없다.,서비스 미제공 기간에 대한 **대금 반환 의무(부당이득 반환)**를 부당하게 배제하여 사업자의 책임을 경감함.,제9조 제3호,회사는 고객에게 서비스를 제공하지 못한 기간에 대해서는 이미 받은 대금을 고객에게 반환해야 합니다.
v-267,AI_Generated_Data,계약의 해제ㆍ해지,"회사의 고의나 중대한 과실이 없는 한, 계약 해제로 인한 모든 손해는 회사의 책임이 아닌 것으로 간주한다.",사업자의 경과실로 인한 손해에 대한 책임을 전면적으로 배제하여 손해배상 의무를 부당하게 경감함.,제9조 제3호,"회사는 고의 또는 과실로 인해 고객에게 손해가 발생한 경우, 계약 해제 여부와 관계없이 그 손해를 배상합니다."
v-268,AI_Generated_Data,계약의 해제ㆍ해지,"회사가 원상회복 의무를 이행하는 경우에도, 관련 행정 비용 및 절차 비용은 고객이 부담한다.",회사의 귀책사유로 인한 원상회복 관련 비용을 고객에게 부담시켜 사업자의 원상회복 의무를 부당하게 경감함.,제9조 제3호,"회사의 귀책사유로 인해 원상회복 의무를 이행하는 경우, 관련 행정 비용 및 절차 비용은 회사가 부담합니다."
v-269,AI_Generated_Data,계약의 해제ㆍ해지,회사는 계약 해지로 인한 고객의 영업 손실 또는 기대 이익 손실에 대해서는 배상 책임을 지지 않는다.,"고객의 **간접 손해(영업 손실, 기대 이익)**에 대한 배상 책임을 전면적으로 배제하여 손해배상 의무를 부당하게 경감함.",제9조 제3호,회사는 계약 해지로 인해 고객에게 발생한 직접 손해뿐만 아니라 통상적으로 예상 가능한 간접 손해도 배상할 책임이 있습니다.
,,,,,,
v-270,AI_Generated_Data,계약의 해제ㆍ해지,"고객이 중도에 계약을 해지할 경우, 납입된 계약금 전액은 반환되지 않는다.",계약금 전액을 일률적으로 위약금으로 간주하고 반환하지 않는 것은 고객에게 부당하게 과중한 위약금을 부담시키는 것임.,제9조 제2호,"고객이 중도에 계약을 해지하는 경우, 손해배상액을 초과하는 계약금은 고객에게 반환되어야 합니다."
v-271,AI_Generated_Data,계약의 해제ㆍ해지,"고객의 귀책사유로 계약이 해제될 경우, 고객은 이미 제공받은 서비스의 대가를 일절 정산 없이 전액 지불해야 한다.",해제 시 정산 없이 고객에게 기제공 서비스에 대한 대가 전액 지불 의무를 지우는 것은 부당함.,제9조 제2호,"고객의 귀책사유로 계약이 해제될 경우, 회사는 이미 제공된 서비스 부분에 대한 정당한 대가를 제외하고 나머지 금액을 반환해야 합니다."
v-272,AI_Generated_Data,계약의 해제ㆍ해지,계약 해지 시 회사는 고객에게 환불액의 30%를 일률적인 위약금으로 공제하고 반환한다.,실제 손해액과 무관하게 환불액의 **30%**라는 고액을 일률적인 위약금으로 공제하는 것은 부당함.,제9조 제2호,"계약 해지 시 위약금은 회사의 실제 손해액을 기준으로 산정하거나, 관련 법령(소비자 분쟁해결기준 등)이 정하는 기준에 따라 공제합니다."
v-273,AI_Generated_Data,계약의 해제ㆍ해지,고객은 본 계약 해지로 인하여 발생하는 모든 설비 철거 비용 및 원상복구 비용을 부담해야 한다.,모든 철거 및 원상복구 비용을 고객에게 일방적으로 전가하여 과중한 비용을 부담시키는 것은 부당함.,제9조 제2호,계약 해지로 인한 설비 철거 및 원상복구 비용은 귀책사유의 정도 및 공정거래위원회가 정하는 기준에 따라 당사자가 합리적으로 분담합니다.
v-274,AI_Generated_Data,계약의 해제ㆍ해지,고객이 계약을 해지함으로써 회사에 발생한 직접 손해뿐만 아니라 간접 손해까지 모두 배상해야 한다.,**간접 손해(특별 손해)**까지 고객에게 모두 배상하도록 하여 고객에게 예측 불가능한 과중한 손해배상 의무를 지움.,제9조 제2호,고객은 본 계약 해지로 인하여 회사에 발생한 직접적인 손해를 배상할 책임이 있습니다.
v-275,AI_Generated_Data,계약의 해제ㆍ해지,고객은 본 계약 체결 시 계약 해제·해지에 따른 환급금 청구 권리를 포기하는 것에 동의한 것으로 본다.,고객의 법률상 당연히 가지는 환급금 청구 권리를 포기하도록 강제하는 것은 부당하게 과중한 손해배상을 부담시키는 것과 같음.,제9조 제2호,"고객은 계약 해제·해지에 따른 정당한 환급금 청구 권리를 포기하지 않으며, 회사는 이를 고객에게 지급해야 합니다."
v-276,AI_Generated_Data,계약의 해제ㆍ해지,"회사의 귀책사유로 계약이 해지되더라도, 고객에게 이미 제공된 서비스 부분에 대한 대가는 일체 환급되지 않는다.",회사의 귀책사유로 해지되었음에도 이미 받은 대가를 환급하지 않는 것은 부당하게 사업자의 원상회복 의무를 경감함.,제9조 제3호,"회사의 귀책사유로 계약이 해지될 경우, 고객에게 이미 제공된 서비스 부분에 대한 대가 중 미사용 부분은 고객에게 환급되어야 합니다."
v-277,AI_Generated_Data,계약의 해제ㆍ해지,본 계약 해지 후 고객에게 지급될 환급금은 회사가 지정하는 불리한 방식(현물 등)으로만 반환될 수 있다.,환급금 반환 방식을 불리한 현물 등으로 제한하여 고객의 금전적 권리 행사를 방해하고 가치를 저하시킴.,제9조 제2호,고객에게 지급될 환급금은 현금 또는 고객이 지정하는 계좌 이체 등 합리적인 방식으로 반환되어야 합니다.
v-278,AI_Generated_Data,계약의 해제ㆍ해지,"고객이 납부한 보증금은 계약 해지 시 위약금에 충당되며, 고객은 이에 대한 이의를 제기할 수 없다.","보증금을 위약금에 일방적으로 충당하고 이의 제기권을 박탈하여, 고객에게 부당하게 과중한 손해배상 의무를 지움.",제9조 제2호,"고객이 납부한 보증금은 위약금과 기타 채무를 공제한 후, 남은 금액이 있을 경우 고객에게 반환되어야 합니다."
v-279,AI_Generated_Data,계약의 해제ㆍ해지,"계약이 해지되는 경우, 고객은 서비스 초기 설치비용 및 시스템 구축 비용 전액을 부담해야 한다.",설치 및 시스템 구축 비용 등 감가상각이 적용되어야 할 비용을 전액 고객에게 부담시키는 것은 부당함.,제9조 제2호,계약 해지 시 고객은 서비스 초기 설치 및 시스템 구축 비용 중 관련 법령 및 사용 기간을 고려한 합리적인 범위 내에서 비용을 부담합니다.
,,,,,,수정 후 약관 조항
v-280,AI_Generated_Data,계약의 해제ㆍ해지,"고객이 1일이라도 이용 대금 납부를 지연할 경우, 회사는 별도의 최고(독촉) 없이 계약을 즉시 해지할 수 있다.",1일 지연이라는 경미한 사유에 대해 최고 절차 없이 계약을 즉시 해지할 수 있도록 요건을 부당하게 완화함.,제9조 제4호,"고객이 이용 대금 납부를 지연할 경우, 회사는 상당한 기간을 정하여 최고하고, 그 기간 내에 납부하지 않으면 계약을 해지할 수 있습니다."
v-281,AI_Generated_Data,계약의 해제ㆍ해지,"회사는 고객의 서비스 이용률이 낮다고 판단하는 경우, 고객에게 사전 통보 없이 계약을 해지할 수 있다.",이용률이 낮다고 판단'하는 자의적 사유로 고객의 귀책사유 없이 계약을 일방적으로 해지할 수 있도록 요건을 완화함.,제9조 제4호,회사는 고객의 귀책사유로 계약의 목적을 달성할 수 없는 중대한 사유가 발생한 경우에 한하여 계약을 해지할 수 있습니다.
v-282,AI_Generated_Data,계약의 해제ㆍ해지,"고객이 본 계약상 의무 중 사소한 규정 하나라도 위반하면, 회사는 손해배상 없이 계약을 해제할 수 있다.",사소한 규정 위반'이라는 경미한 사유로 회사가 손해배상 없이 계약을 해제할 수 있도록 요건을 부당하게 완화함.,제9조 제4호,"고객이 중대한 계약상 의무를 위반한 경우에 한하여 계약을 해제할 수 있으며, 이 경우 회사는 법률에 따른 손해배상 책임을 집니다."
v-283,AI_Generated_Data,계약의 해제ㆍ해지,회사는 시장의 상황 변화 또는 경영상의 이유로 고객에게 10일 전 통보만으로 일방적으로 계약을 해지할 수 있다.,"시장 상황, 경영상 이유 등 사업자 측의 사유로 10일 전 통보만으로 고객의 귀책 없이 일방 해지할 수 있도록 요건을 완화함.",제9조 제4호,"회사는 정당한 사유로 계약을 해지할 경우 관련 법령에 따라 고객에게 통지하고, 고객에게 발생한 손해를 배상합니다."
v-284,AI_Generated_Data,계약의 해제ㆍ해지,"고객이 회사의 내부 규정에서 정한 모든 금지 행위를 1회라도 위반하면, 회사는 즉시 잔여 계약 기간과 상관없이 계약을 해지한다.",1회 위반이라는 경미한 사유로 잔여 계약 기간과 무관하게 즉시 해지할 수 있도록 요건을 부당하게 완화함.,제9조 제4호,회사는 고객이 계약 목적 달성이 불가능한 중대한 위반 행위를 하였을 경우에 한하여 계약을 해지할 수 있습니다.
v-285,AI_Generated_Data,계약의 해제ㆍ해지,"고객이 계약 체결 당시 제공한 정보에 단순 오류가 발견될 경우, 회사는 이를 이유로 언제든지 계약을 해지할 수 있다.",단순 오류'라는 경미한 사유를 이유로 고객의 귀책사유 없이 언제든지 계약을 해지할 수 있도록 요건을 완화함.,제9조 제4호,"고객이 제공한 정보에 오류가 있을 경우, 회사는 고객에게 시정을 요구할 수 있으며, 단순 오류를 이유로 계약을 해지할 수 없습니다."
v-286,AI_Generated_Data,계약의 해제ㆍ해지,"회사는 고객의 신용도 하락이 확인될 경우, 계약 이행에 아무런 지장이 없더라도 계약을 해지할 수 있다.",계약 이행에 지장이 없는 신용도 하락이라는 주관적인 사유로 계약을 해지할 수 있도록 요건을 부당하게 완화함.,제9조 제4호,회사는 고객의 신용도 하락이 본 계약의 이행에 중대한 지장을 초래할 우려가 있는 경우에 한하여 계약 해지를 검토할 수 있습니다.
v-287,AI_Generated_Data,계약의 해제ㆍ해지,"본 계약은 사업자의 해지 의사 표시만으로 효력이 발생하며, 고객은 이에 대해 이의를 제기할 수 없다.",사업자의 일방적인 의사 표시만으로 효력을 발생시키고 고객의 이의 제기 권리를 박탈하여 해지권 요건을 부당하게 완화함.,제9조 제4호,"회사는 계약 해지 사유가 발생한 경우 고객에게 통지하며, 고객은 그 해지의 정당성에 대해 이의를 제기할 수 있습니다."
v-288,AI_Generated_Data,계약의 해제ㆍ해지,"회사는 계약상 지연에 대한 책임이 고객에게 있음을 주장하며 해제권을 즉시 행사할 수 있으며, 입증 책임은 고객에게 있다.",사업자의 일방적인 주장만으로 해제권을 행사하고 입증 책임을 고객에게 전가하여 해제권 요건을 부당하게 완화함.,제9조 제4호,"회사는 계약 해제 시 고객에게 귀책사유가 있음을 객관적으로 증명해야 하며, 해제권은 법률 및 계약이 정하는 요건에 따라 행사됩니다."
v-289,AI_Generated_Data,계약의 해제ㆍ해지,"고객이 회사가 제공한 안내 사항을 숙지하지 않은 것으로 판단되면, 회사는 별도의 증명 없이 계약을 해지할 수 있다.",안내 사항 미숙지'라는 자의적이고 경미한 사유로 증명 없이 계약을 해지할 수 있도록 요건을 부당하게 완화함.,제9조 제4호,회사는 고객이 계약 이행에 중대한 영향을 미치는 의무를 위반한 경우에 한하여 계약을 해지할 수 있습니다.
,,,,,,
v-290,AI_Generated_Data,계약의 해제ㆍ해지,"회사는 고객이 서비스 이용에 부적절하다고 판단될 경우, 정당한 이유 제시 없이 계약을 해지할 수 있다.",부적절하다고 판단'하는 자의적 사유로 정당한 이유 제시 없이 고객의 귀책 없이 해지할 수 있도록 요건을 완화함.,제9조 제4호,"회사는 고객이 계약 목적 달성이 불가능한 중대한 사유를 발생시킨 경우에 한하여 계약을 해지할 수 있으며, 해지 사유를 고객에게 제시해야 합니다."
v-291,AI_Generated_Data,계약의 해제ㆍ해지,"회사는 회사의 내부 경영 정책이 변경될 경우, 고객에게 통보하고 계약을 일방적으로 해제할 수 있다.",내부 경영 정책 변경이라는 사업자 측 사유를 이유로 고객의 귀책 없이 일방적으로 해제할 수 있도록 요건을 완화함.,제9조 제4호,"회사는 내부 경영 정책 변경이 계약의 지속적인 이행을 객관적으로 불가능하게 하는 경우에 한하여 계약을 해제할 수 있으며, 고객의 손해를 배상합니다."
v-292,AI_Generated_Data,계약의 해제ㆍ해지,"회사는 고객이 회사의 이미지 또는 명예를 훼손했다고 판단될 경우, 사실 여부와 무관하게 계약을 즉시 해지한다.",명예 훼손 여부'의 사실 확인 없이 사업자의 주관적인 판단만으로 계약을 즉시 해지할 수 있도록 요건을 부당하게 완화함.,제9조 제4호,회사는 고객이 명백하게 법령을 위반하여 회사의 업무를 방해하거나 신용을 훼손한 경우에 한하여 계약을 해지할 수 있습니다.
v-293,AI_Generated_Data,계약의 해제ㆍ해지,"회사는 고객의 주요 거래처가 변경되는 경우, 이를 계약 해지 사유로 간주하고 해지권을 행사할 수 있다.",고객의 **자유로운 영업 활동(거래처 변경)**을 사업자에게 불리한 계약 해지 사유로 부당하게 간주함.,제9조 제4호,고객의 주요 거래처 변경은 본 계약 이행에 중대한 영향을 미치지 않는 한 계약 해지 사유가 될 수 없습니다.
v-294,AI_Generated_Data,계약의 해제ㆍ해지,"고객이 회사와 다른 계약에서 분쟁이 발생하면, 회사는 본 계약을 별도의 최고 없이 해지할 수 있다.",다른 계약상의 분쟁이라는 사유로 본 계약을 최고 없이 해지할 수 있도록 요건을 부당하게 완화함.,제9조 제4호,"회사는 본 계약의 이행을 심각하게 위협하는 사유가 발생한 경우에 한하여 계약을 해지할 수 있으며, 원칙적으로 최고 절차를 거쳐야 합니다."
v-295,AI_Generated_Data,계약의 해제ㆍ해지,회사는 시장의 경제 상황 악화를 이유로 고객에게 손해배상 없이 계약을 해지할 권한을 갖는다.,시장 경제 상황 악화라는 사업자에게 귀책될 수 있는 사유로 손해배상 없이 일방 해지할 수 있도록 요건을 완화함.,제9조 제4호,"회사는 시장 경제 상황 변화를 이유로 계약을 해지하는 경우, 고객에게 발생한 손해를 배상해야 합니다."
v-296,AI_Generated_Data,계약의 해제ㆍ해지,"회사는 고객이 회사의 서비스 이용을 중단할 의사가 있다고 추정되는 경우, 계약을 해지할 수 있다.",**'중단할 의사가 있다고 추정'**이라는 자의적이고 불확정적인 사유만으로 해지할 수 있도록 요건을 부당하게 완화함.,제9조 제4호,회사는 고객에게 서비스 이용 중단 의사가 있음을 객관적으로 확인한 경우에 한하여 계약 해지를 진행할 수 있습니다.
v-297,AI_Generated_Data,계약의 해제ㆍ해지,"회사는 고객과의 연락이 30일 이상 두절될 경우, 고객의 귀책사유로 간주하여 계약을 해제한다.",단순 연락 두절을 중대한 귀책사유로 일방적으로 간주하여 계약을 해제할 수 있도록 요건을 부당하게 완화함.,제9조 제4호,"고객과의 연락이 두절될 경우, 회사는 고객의 최종 주소지로 통지하는 등 합리적인 조치를 취한 후 계약 목적 달성이 불가능하다고 판단되는 경우에 한하여 계약을 해제할 수 있습니다."
v-298,AI_Generated_Data,계약의 해제ㆍ해지,"본 계약은 회사가 고객과의 지속적인 거래 관계 유지가 불필요하다고 판단하는 경우, 해지될 수 있다.",**'불필요하다고 판단'**이라는 극히 자의적인 사유만으로 계약을 해지할 수 있도록 요건을 부당하게 완화함.,제9조 제4호,회사는 법률 또는 본 계약에 명시된 중대한 사유가 발생한 경우에 한하여 계약을 해지할 수 있습니다.
v-299,AI_Generated_Data,계약의 해제ㆍ해지,"회사는 고객이 정당하게 민원을 제기했더라도, 반복적인 민원 제기를 이유로 계약 해지권을 행사할 수 있다.",고객의 **정당한 권리 행사(민원 제기)**를 반복적이라는 이유로 계약 해지 사유로 삼는 것은 고객의 권리 행사를 부당하게 방해함.,제9조 제4호,고객의 민원 제기가 반복되더라도 그 내용이 정당한 경우에는 회사가 이를 이유로 계약을 해지할 수 없습니다.
,,,,,,
v-300,AI_Generated_Data,계약의 해제ㆍ해지,고객은 계약 체결 후 어떠한 이유로도 본 계약을 해제 또는 해지할 수 없다.,어떠한 이유로도 고객의 법률상 해제·해지권을 전면적으로 박탈하는 것은 부당함.,제9조 제1호,고객은 본 계약의 존속 기간 중이라도 언제든지 법률이 정하는 바에 따라 계약을 해제 또는 해지할 수 있습니다.
v-301,AI_Generated_Data,계약의 해제ㆍ해지,고객은 회사가 제공한 서비스에 하자가 있더라도 이를 이유로 계약을 해지할 수 없다.,**회사의 채무 불이행(하자)**이 있음에도 고객의 계약 해지권을 부당하게 제한함.,제9조 제1호,"고객은 회사가 제공한 서비스에 중대한 하자가 있어 계약의 목적 달성이 어려운 경우, 계약을 해지할 수 있습니다."
v-302,AI_Generated_Data,계약의 해제ㆍ해지,고객은 계약 해지를 원하는 경우 회사의 서면 승인을 받아야만 해지 효력이 발생한다.,고객의 일방적인 의사표시로 효력이 발생해야 할 해지를 사업자의 승인을 조건으로 제한하는 것은 부당함.,제9조 제1호,고객이 해지 의사를 통보하면 그 의사표시가 회사에 도달한 시점에 해지의 효력이 발생합니다.
v-303,AI_Generated_Data,계약의 해제ㆍ해지,고객은 계약 기간이 만료되기 전에는 부득이한 사정이 있더라도 일방적으로 계약을 해지할 수 없다.,"질병, 이사 등 고객에게 부득이한 사정이 발생했음에도 계약 해지권을 박탈하는 것은 부당함.",제9조 제1호,"고객에게 부득이한 사정이 발생하여 계약의 유지가 어려운 경우, 고객은 계약 기간 만료 전이라도 계약을 해지할 수 있습니다."
v-304,AI_Generated_Data,계약의 해제ㆍ해지,"회사의 귀책사유로 인한 해지 시에도 고객은 법률상 해지권을 행사할 수 없으며, 손해배상만 청구할 수 있다.",사업자의 귀책사유가 있음에도 고객의 법률상 해지권을 박탈하고 손해배상 청구로만 제한하는 것은 부당함.,제9조 제1호,"회사의 귀책사유로 인해 계약 목적 달성이 어려운 경우, 고객은 손해배상을 청구할 수 있으며 계약을 해지할 수 있습니다."
v-305,AI_Generated_Data,계약의 해제ㆍ해지,"고객은 계약 체결일로부터 7일 이내에 한하여 청약 철회(해제)가 가능하며, 그 이후는 일체 해지가 불가능하다.",계속적 계약의 특성을 무시하고 7일 이내로 해지권을 극단적으로 제한하여 그 이후의 해지권을 부당하게 박탈함.,제9조 제1호,"고객은 계약 기간 중 언제든지 계약을 해지할 수 있으며, 관련 법률에 따라 정산이 이루어집니다."
v-306,AI_Generated_Data,계약의 해제ㆍ해지,"고객은 해지 의사를 계약 기간 만료일 6개월 전에 서면으로만 통보해야 하며, 그 외의 방법은 무효이다.",해지 통보를 6개월 전이라는 부당하게 이른 시점과 서면이라는 특정 방식으로 제한하는 것은 부당함.,제9조 제1호,"고객은 계약 만료 1개월 전까지 서면, 전자우편 등 합리적인 방법으로 해지 의사를 통보할 수 있습니다."
v-307,AI_Generated_Data,계약의 해제ㆍ해지,"고객이 해지권을 행사할 경우, 법률상 인정되는 위약금보다 과도하게 높은 위약금(예: 총액의 50%)을 부담해야 한다.",해지권을 행사할 경우 **총액의 50%**라는 법률상 인정되는 위약금보다 과도하게 높은 위약금을 부과하여 해지권 행사를 방해함.,제9조 제2호,"고객이 해지권을 행사할 경우, 위약금은 실제 손해액을 초과할 수 없으며, 관련 법령 및 공정거래위원회의 기준에 따라 산정됩니다."
v-308,AI_Generated_Data,계약의 해제ㆍ해지,본 계약의 해제권 행사는 회사가 지정하는 불리한 요건을 모두 충족해야만 효력이 인정된다.,해제권 행사에 대해 사업자가 일방적으로 지정한 불리한 요건을 충족하도록 강제하여 해제권 행사를 부당하게 제한함.,제9조 제1호,고객의 해제권 행사는 법률 및 계약이 정하는 정당한 사유가 있을 경우 효력이 인정됩니다.
v-309,AI_Generated_Data,계약의 해제ㆍ해지,"고객은 회사와의 거래 관계를 종료하더라도, 향후 3년간 회사가 제공하는 유사 서비스에 대해 해지권을 행사할 수 없다.",거래 종료 후 3년간이라는 부당한 기간 동안 유사 서비스에 대한 해지권 행사를 제한하여 고객의 계약 선택의 자유를 침해함.,제9조 제1호,고객은 회사와의 거래 관계 종료 후 언제든지 자유롭게 다른 서비스에 대한 해지권을 행사할 수 있습니다.
,,,,,,
v-310,AI_Generated_Data,손해배상액의 예정,"고객이 대금 지급을 지연하는 경우, 미납 금액에 대해 연 40%의 지연 손해금을 부과한다.",**연 40%**라는 법률상 허용되는 이자율(통상 연 20% 이내)을 현저히 초과하는 지연 손해금을 부과하여 고객에게 과중한 부담을 지움.,제8조,"고객이 대금 지급을 지연하는 경우, 미납 금액에 대해 관련 법령(소송촉진 등에 관한 특례법 등)이 정하는 범위 내의 지연 손해금을 부과합니다."
v-311,AI_Generated_Data,손해배상액의 예정,"고객이 중도 해지할 경우, 손해배상액은 계약 총액의 80%로 한다.",**계약 총액의 80%**라는 비율은 통상적인 손해액을 현저히 초과하는 부당하게 과중한 위약금에 해당함.,제8조,"고객이 중도 해지할 경우, 손해배상액(위약금)은 실제 손해액을 기준으로 산정하며, 관련 법령 및 소비자분쟁해결기준에 따릅니다."
v-312,AI_Generated_Data,손해배상액의 예정,"고객이 계약을 위반할 경우, 회사는 위약벌 명목으로 계약금 외에 추가로 계약 총액의 50%를 청구할 수 있다.",위약금 외에 위약벌까지 계약 총액의 50%로 부과하는 것은 고객에게 이중적이고 부당하게 과중한 금전적 부담을 지움.,제8조,"고객의 계약 위반으로 인해 손해가 발생하는 경우, 회사는 **위약금(손해배상액 예정)**을 청구할 수 있습니다. 위약벌은 관련 법령이 허용하는 경우에 한하여 별도로 정합니다."
v-313,AI_Generated_Data,손해배상액의 예정,"고객의 채무 불이행으로 인해 회사가 소송을 제기할 경우, 모든 소송 관련 비용과 변호사 비용은 고객이 전액 부담한다.","소송 비용은 민사소송법에 따라 패소자가 부담하는 것이 원칙인데, 이를 고객에게 일방적으로 전액 부담하도록 강제하는 것은 부당함.",제8조,소송 관련 비용과 변호사 비용의 부담은 민사소송법 등 관련 법령이 정하는 바에 따릅니다.
v-314,AI_Generated_Data,손해배상액의 예정,"고객이 서비스를 이용하지 못하는 기간에도, 대금의 연체 이자는 중단 없이 계속 가산된다.","서비스 이용이 불가능한 기간은 고객에게 책임 없는 사유가 있을 수 있으므로, 이 기간에도 연체 이자를 계속 가산하는 것은 부당함.",제8조,회사의 책임으로 서비스 이용이 불가능한 기간에 대해서는 연체 이자를 가산하지 않습니다.
v-315,AI_Generated_Data,손해배상액의 예정,"고객이 대금 지급을 지연하면, 연체된 원금 외에 추가로 연체 위약금 100만 원을 즉시 지급해야 한다.",연체로 인해 발생하는 지연 손해금(이자) 외에 별도로 100만 원이라는 위약금을 즉시 지급하도록 하는 것은 이중적이고 부당한 부담임.,제8조,"고객이 대금 지급을 지연할 경우, 미납 금액에 대한 지연 손해금을 관련 법령에 따라 부과합니다."
v-316,AI_Generated_Data,손해배상액의 예정,"고객이 납기일을 하루라도 넘길 경우, 미납된 대금 전체에 대해 지연 손해금이 계산된다.",납기일을 하루 넘긴 경우에도 **전체 대금(분할 납부 약정 포함)**에 대해 손해금을 계산하도록 하는 것은 부당하게 과중한 손해배상 의무를 지움.,제8조,"고객이 납기일을 넘길 경우, 미납된 해당 대금에 대해서만 지연 손해금을 계산합니다."
v-317,AI_Generated_Data,손해배상액의 예정,본 계약 해지 시 고객은 **이용료 외에 회사가 입증하지 않은 '예상 영업 손실액'**을 배상해야 한다.,회사가 입증하지 않은 불확정적인 **'예상 영업 손실액'**까지 고객에게 배상하도록 강제하는 것은 부당함.,제8조,본 계약 해지 시 고객은 회사가 객관적으로 입증한 실제 손해액을 배상합니다. 예상 손실액은 인정되지 않습니다.
v-318,AI_Generated_Data,손해배상액의 예정,"고객이 계약상의 의무를 이행하지 않은 경우, 회사는 고객이 제공한 모든 담보물을 즉시 처분하고 그 비용까지 고객에게 전가한다.","담보권 실행 절차를 무시하고 즉시 처분을 강제하며, 처분 비용까지 고객에게 전가하여 부당한 의무를 지움.",제8조,"회사는 고객이 채무 불이행 시 관련 법령(민법, 담보 관련법 등)이 정하는 절차에 따라 담보권을 행사할 수 있으며, 처분 비용은 법률이 정하는 바에 따릅니다."
v-319,AI_Generated_Data,손해배상액의 예정,"회사는 고객의 채무 불이행으로 손해를 입지 않았더라도, 고객에게 최소 손해배상액 500만 원을 청구할 수 있다.",실제 손해가 없거나 그보다 적을 때에도 최소 손해배상액 500만 원을 청구하는 것은 고객에게 부당하게 과중한 손해배상 의무를 지움.,제8조,"고객의 채무 불이행으로 인해 손해가 발생하지 않은 경우, 회사는 고객에게 손해배상액을 청구할 수 없습니다."
,,,,,,
v-320,AI_Generated_Data,채무의 이행,"본 계약에 명시된 제품 성능 수치는 참고 자료일 뿐이며, 회사는 실제 성능 미달에 대해 책임을 지지 않는다.",계약에 명시된 성능 약속에 대한 담보책임을 전면적으로 배제하여 고객에게 불리함.,제10조 제1호,"회사는 본 계약에 명시된 제품 성능 수치를 보증하며, 실제 성능이 미달할 경우 관련 법령 및 계약에 따라 책임을 집니다."
v-321,AI_Generated_Data,채무의 이행,"회사가 제시한 견본품과 실제 납품 제품 간에 차이가 발생하더라도, 고객은 이를 이유로 계약 해제 또는 손해배상을 청구할 수 없다.",견본품 기준 미달 시 고객의 해제권 및 손해배상 청구권을 부당하게 배제하여 담보책임을 경감함.,제10조 제1호,"회사가 제시한 견본품과 실제 납품 제품 간에 중대한 차이가 발생할 경우, 고객은 계약을 해제하거나 손해배상을 청구할 수 있습니다."
v-322,AI_Generated_Data,채무의 이행,광고나 카탈로그에 표시된 '최고 속도' 등 품질 관련 문구는 법적 구속력을 가지지 않는다.,표시/광고상의 약속에 대한 법적 구속력을 부정하여 사업자의 표시상의 담보책임을 부당하게 경감함.,제10조 제1호,"회사가 광고나 카탈로그에 표시한 품질 관련 문구는 본 계약의 일부로서 법적 구속력을 가지며, 그 성능을 보증합니다."
v-323,AI_Generated_Data,채무의 이행,회사는 계약서에 기재된 '1년 품질 보증' 기간 중 발생한 하자에 대해서도 고객의 입증 책임 하에만 보수 책임을 진다.,보증 기간 중 발생한 하자에 대한 입증책임을 고객에게 전가하여 사업자의 보수 의무(담보책임)를 부당하게 경감함.,제10조 제1호,"회사는 '1년 품질 보증' 기간 중 발생한 하자에 대해 회사의 책임으로 추정하며, 지체 없이 보수 또는 교환 책임을 집니다."
v-324,AI_Generated_Data,채무의 이행,"제품의 실제 성능이 보증된 성능 기준에 미달할 경우, 회사는 환불이 아닌 동급 제품으로의 교환만 제공한다.",보증된 성능 기준 미달 시 고객이 선택할 수 있는 환불 권한을 동급 교환으로만 제한하여 고객에게 불리함.,제10조 제1호,"제품의 실제 성능이 보증된 성능 기준에 미달할 경우, 고객은 환불 또는 교환 등 관련 법령 및 계약이 정하는 권리를 행사할 수 있습니다."
v-325,AI_Generated_Data,채무의 이행,회사가 공개한 성능 테스트 보고서의 내용과 실제 제품의 성능 불일치에 대해 회사는 어떠한 책임도 지지 않는다.,공개 자료와 실제 성능 간의 불일치에 대해 어떠한 책임도 지지 않는다고 규정하여 담보책임을 전면적으로 배제함.,제10조 제1호,"회사가 공개한 성능 테스트 보고서의 내용과 실제 제품 성능이 불일치할 경우, 회사는 그로 인해 발생한 고객의 손해에 대해 책임을 집니다."
v-326,AI_Generated_Data,채무의 이행,"고객이 본 제품을 사용하면서 약속된 품질 미달로 인해 손해를 입더라도, 회사의 배상 책임은 면제된다.",품질 미달이라는 회사의 귀책사유로 발생한 고객의 손해에 대한 배상 책임을 전면적으로 면제함.,제10조 제1호,"회사는 약속된 품질 미달로 인해 고객에게 손해가 발생한 경우, 관련 법령에 따라 그 손해를 배상합니다."
v-327,AI_Generated_Data,채무의 이행,"회사는 시공 전 제시된 디자인과 시공 후의 결과물 간의 차이에 대해 책임을 지지 않으며, 고객은 이의를 제기할 수 없다.",약정된 디자인과 실제 결과물 간의 차이에 대해 사업자의 책임을 면제하고 고객의 이의제기권까지 박탈함.,제10조 제1호,"회사는 시공 전 제시된 디자인과 동일하거나 합리적으로 유사한 결과물을 제공해야 하며, 차이가 발생할 경우 고객은 이의를 제기할 수 있습니다."
v-328,AI_Generated_Data,채무의 이행,본 소프트웨어의 '99.9% 가동률 보장' 표시는 고객이 해당 기준을 충족하지 못했을 경우 무효가 된다.,가동률 보장이라는 핵심 약속을 고객의 임의 기준 미충족을 이유로 무효화하여 사업자 책임을 경감함.,제10조 제1호,"본 소프트웨어의 '99.9% 가동률 보장' 표시는 회사의 책임 범위 내에서 보장되며, 고객의 단순 기준 미충족으로 무효화되지 않습니다."
v-329,AI_Generated_Data,채무의 이행,"고객은 제품 수령 후 7일 이내에 하자를 발견하더라도, 회사가 사전 통보한 경미한 수준의 품질 저하에 대해서는 책임을 묻지 않기로 한다.",사전 통보된 경미한 품질 저하에 대해 고객이 책임을 묻지 않기로 합의한 것으로 간주하여 사업자 책임을 부당하게 경감함.,제10조 제1호,"회사가 사전에 통보한 품질 저하가 고객의 이용 목적에 중대한 영향을 미치는 경우, 고객은 책임을 물을 권리를 가집니다."
,,,,,,
v-340,AI_Generated_Data,면책조항의 금지,"회사의 시스템 오류로 인한 고객의 손해는 직접적인 손해에 한정하며, 그 금액은 고객이 납부한 1개월 치 이용료를 초과할 수 없다.","손해배상 범위를 제한하고, 배상액을 1개월 치 이용료로 제한하여 사업자의 책임을 부당하게 경감함.",제7조 제2호,"회사의 시스템 오류로 인한 고객의 손해는 실제 발생한 직접 손해 및 통상적인 간접 손해를 배상하며, 배상액 한도를 부당하게 제한하지 않습니다."
v-341,AI_Generated_Data,면책조항의 금지,회사는 서비스 제공 과정에서 발생하는 모든 종류의 데이터 손실 위험을 고객이 부담하는 것을 원칙으로 한다.,서비스 제공 과정에서 발생하는 데이터 손실 위험을 고객에게 전면적으로 전가하여 사업자의 책임을 부당하게 면제함.,제7조 제2호,"회사는 서비스 제공 과정에서 발생하는 데이터 손실을 방지하기 위해 선량한 관리자로서의 주의 의무를 다하며, 회사의 귀책사유로 인한 손해를 배상합니다."
v-342,AI_Generated_Data,면책조항의 금지,"회사의 귀책사유로 계약이 해제되는 경우에도, 고객이 청구할 수 있는 손해배상액은 계약금만을 한도로 한다.",손해배상액을 계약금만을 한도로 제한하여 고객이 입은 실질적인 손해에 대한 배상 책임을 부당하게 경감함.,제7조 제2호,"회사의 귀책사유로 계약이 해제되는 경우, 회사는 고객이 입은 실질적인 손해액을 배상합니다."
v-343,AI_Generated_Data,면책조항의 금지,회사는 정기 점검 중 발생한 서비스 중단으로 인해 고객에게 손해가 발생하더라도 일체 배상 책임을 지지 않는다.,정기 점검 중 발생한 손해에 대해 일체 책임지지 않는다고 규정하여 사업자 책임을 부당하게 면제함.,제7조 제2호,"회사는 정기 점검 중 발생한 서비스 중단으로 고객에게 손해가 발생한 경우, 회사의 귀책사유가 있는 범위 내에서 배상 책임을 집니다."
v-344,AI_Generated_Data,면책조항의 금지,"회사는 계약 불이행으로 인해 고객에게 발생한 영업 손실, 기대 이익 등 간접적인 손해에 대해서는 배상 책임을 지지 않는다.",간접 손해에 대한 배상 책임을 전면적으로 배제하여 손해배상 의무를 부당하게 경감함.,제7조 제2호,회사는 계약 불이행으로 인해 고객에게 발생한 통상적으로 예상 가능한 간접적인 손해도 배상할 책임이 있습니다.
v-345,AI_Generated_Data,면책조항의 금지,본 계약의 이행 중 발생할 수 있는 모든 인허가 관련 책임과 비용은 회사의 귀책사유 유무와 관계없이 고객이 부담한다.,인허가 관련 책임을 회사의 귀책사유 유무와 무관하게 고객에게 전가하여 사업자 책임을 부당하게 면제함.,제7조 제2호,"본 계약의 이행 중 발생하는 인허가 관련 책임은 관련 법령 및 귀책사유에 따라 당사자가 부담하며, 회사는 회사의 책임 범위 내에서 책임을 집니다."
v-346,AI_Generated_Data,면책조항의 금지,"회사가 공급한 제품에 하자가 있더라도, 고객은 제품의 교환만 청구할 수 있으며 손해배상은 청구할 수 없다.",하자 발생 시 고객의 손해배상 청구권을 교환으로만 한정하여 부당하게 제한함.,제7조 제2호,"회사가 공급한 제품에 하자가 있을 경우, 고객은 손해배상 청구, 교환, 계약 해제 등 법률이 정하는 권리를 행사할 수 있습니다."
v-347,AI_Generated_Data,소송 제기의 금지 등,"본 계약의 목적물에 대한 파손 위험은 인도 직후 즉시 고객에게 이전되며, 이후 발생한 손해는 회사의 책임이 아니다.",인도 직후 즉시 파손 위험을 고객에게 이전하도록 하여 사업자의 추후 담보책임을 부당하게 면제함.,제14조 제1호,본 계약의 목적물에 대한 파손 위험은 고객이 하자를 인수한 시점 또는 관련 법령이 정하는 시점에 이전됩니다.
v-348,AI_Generated_Data,면책조항의 금지,"회사의 기술적인 문제로 서비스가 중단될 경우, 고객에게 지급하는 배상액은 중단 시간당 100원으로 제한된다.",중단 시간당 100원이라는 매우 낮은 금액으로 배상액을 제한하여 사업자의 책임을 부당하게 경감함.,제7조 제2호,"회사의 기술적인 문제로 서비스가 중단될 경우, 고객에게 지급하는 배상액은 고객이 입은 실질적인 손해액을 기준으로 산정합니다."
v-349,AI_Generated_Data,면책조항의 금지,"회사의 이행 보조자(협력업체)의 과실로 인해 고객에게 손해가 발생하더라도 회사는 책임지지 않으며, 고객이 직접 협력업체에 청구해야 한다.",이행 보조자의 과실에 대해 회사가 책임지지 않는다고 규정하여 사업자의 채무 이행 책임을 부당하게 면제함.,제7조 제1호,"회사는 이행 보조자의 고의 또는 과실로 인해 고객에게 손해가 발생한 경우, 직접 책임을 집니다."
,,,,,,
v-350,AI_Generated_Data,면책조항의 금지,사업자 및 피고용인의 고의나 중대한 과실로 고객에게 발생한 손해에 대해서도 일체의 배상 책임을 지지 않는다.,사업자 및 피고용자의 고의 또는 중과실로 인한 일체의 배상 책임을 배제하여 고객에게 부당하게 불리함.,제7조 제1호,"사업자 및 피고용인의 고의 또는 중대한 과실로 고객에게 손해가 발생한 경우, 회사는 그 손해를 배상할 책임을 집니다."
v-351,AI_Generated_Data,면책조항의 금지,회사는 이행 보조자(협력업체)의 고의로 인한 서비스 제공 불이행에 대해 어떠한 법적 책임도 부담하지 않는다.,이행 보조자의 고의로 인한 불이행에 대해 회사가 책임을 면제하여 사업자의 법률상 책임을 부당하게 경감함.,제7조 제1호,회사는 이행 보조자의 고의 또는 과실로 인한 서비스 제공 불이행에 대해 회사의 책임으로 부담합니다.
v-352,AI_Generated_Data,면책조항의 금지,회사의 직원이 업무상 중대한 실수를 저질러 고객에게 손해를 입힌 경우에도 회사는 면책된다.,피고용자의 중대한 과실로 인한 손해에 대해 회사가 책임을 면제하여 사업자 책임을 부당하게 경감함.,제7조 제1호,회사는 직원이 업무상 중대한 실수를 저질러 고객에게 손해를 입힌 경우 배상 책임을 집니다.
v-353,AI_Generated_Data,면책조항의 금지,본 계약의 해제는 회사의 중과실로 인한 경우를 포함하여 손해배상 청구 없이 이루어져야 한다.,사업자의 중과실로 인한 해제 시에도 손해배상 청구권을 배제하도록 강제하여 고객에게 부당하게 불리함.,제7조 제1호,"회사의 중과실로 인해 계약이 해제되는 경우, 고객은 법률에 따라 손해배상을 청구할 수 있습니다."
v-354,AI_Generated_Data,면책조항의 금지,회사는 천재지변 등 불가항력을 제외한 모든 사유에 대해 책임을 지지 않는다고 고객은 동의한다.,불가항력을 제외한 모든 사유에 대해 책임을 배제하는 것은 고의나 중과실을 포함한 사업자의 기본적 책임을 배제하는 것임.,제7조 제1호,"회사는 법률상 면책되는 사유를 제외하고는, 서비스 제공과 관련된 회사의 귀책사유(고의, 과실)에 대해 책임을 집니다."
v-355,AI_Generated_Data,면책조항의 금지,"회사의 시스템 관리자가 고의로 데이터를 삭제하여 고객에게 손해가 발생해도, 회사의 배상 범위는 1회 이용료로 제한된다.",관리자의 고의로 인한 손해임에도 배상액을 1회 이용료로 제한하여 사업자 책임을 부당하게 경감함.,제7조 제1호,"회사의 시스템 관리자가 고의로 데이터를 삭제하여 고객에게 손해가 발생하면, 회사는 고객이 입은 실질적인 손해액 전액을 배상합니다."
v-356,AI_Generated_Data,면책조항의 금지,고객은 회사가 제공한 서비스의 품질에 중대한 결함이 있음을 알았더라도 책임 면제에 동의한다.,중대한 결함이 있음을 인지하고도 책임 면제에 동의하도록 하는 것은 사업자 책임을 부당하게 배제함.,제7조 제1호,"회사가 제공한 서비스의 품질에 중대한 결함이 있는 경우, 고객은 법률상 하자 담보책임을 물을 수 있습니다."
v-357,AI_Generated_Data,면책조항의 금지,본 계약은 사업자의 어떠한 귀책사유로도 고객에 대한 법률상의 담보 책임을 배제한다.,"사업자의 **어떠한 귀책사유(고의, 과실)**에도 불구하고 법률상 담보 책임을 전면 배제하여 사업자 책임을 부당하게 경감함.",제7조 제1호,"사업자는 법률 및 계약에 따라 고객에 대한 담보 책임을 지며, 고의 또는 중대한 과실로 인한 책임을 배제할 수 없습니다."
v-358,AI_Generated_Data,면책조항의 금지,회사는 사전에 예상 가능했던 사고로 고객이 피해를 입은 경우에도 책임을 지지 않는 것을 원칙으로 한다.,"사전에 예상 가능했던 사고는 사업자의 주의 의무 범위에 해당하므로, 이에 대한 책임을 배제하는 것은 경과실 책임을 면제하는 것임.",제7조 제1호,회사는 사전에 예상 가능했던 사고를 포함하여 회사의 귀책사유로 고객이 피해를 입은 경우 책임을 집니다.
v-359,AI_Generated_Data,면책조항의 금지,고객은 회사와의 거래 관계에서 사업자 측의 고의 또는 중대한 과실로 인한 손해를 입더라도 민형사상 책임을 묻지 않기로 한다.,사업자 측의 고의 또는 중대한 과실에 대해 민형사상 책임을 묻지 않기로 강제하는 것은 고객의 법률상 권리를 부당하게 포기하게 하는 것임.,제7조 제1호,고객은 회사와의 거래 관계에서 사업자 측의 고의 또는 중대한 과실로 인한 손해에 대해 법률이 정하는 바에 따라 민형사상 책임을 물을 수 있습니다.
,,,,,,
v-360,AI_Generated_Data,채무의 이행,"본 인터넷 서비스는 매일 12시간 이상 예고 없이 접속이 제한될 수 있으며, 고객은 이에 이의를 제기할 수 없다.",매일 12시간 이상 예고 없이 접속을 제한하는 것은 서비스의 본질적 기능을 침해하며 사업자의 급부 이행 책임을 부당하게 제한함.,제10조 제2호,"본 서비스는 천재지변 등 불가피한 경우를 제외하고는 안정적으로 제공되어야 하며, 서비스 중단 시에는 고객에게 사전 통보합니다."
v-361,AI_Generated_Data,채무의 이행,회사는 고객의 신용 상태가 악화되었다는 이유만으로 고객이 구매한 물품의 인도를 일방적으로 무기한 연기할 수 있다.,신용 상태 악화'라는 자의적 사유로 구매한 물품의 인도 의무를 무기한 연기하여 사업자의 급부 이행 책임을 제한함.,제10조 제2호,회사는 고객의 귀책사유로 계약의 이행이 객관적으로 불가능해지는 경우를 제외하고는 약속된 기한 내에 물품을 인도해야 합니다.
v-362,AI_Generated_Data,채무의 이행,"고객이 헬스장 이용 계약을 체결했더라도, 회사가 지정하는 요일과 시간에만 시설을 이용할 수 있으며, 그 외 시간에는 이용이 불가능하다.",계약 목적에 필수적인 시설 이용 시간을 사업자가 일방적으로 제한하여 고객의 주된 권익을 침해함.,제10조 제2호,"고객은 계약 시 약정한 정상 운영 시간 내에 자유롭게 시설을 이용할 수 있으며, 운영 시간 변경은 고객의 동의를 얻어야 합니다."
v-363,AI_Generated_Data,채무의 이행,"본 교육 서비스의 핵심인 강의 자료는 사업자의 판단에 따라 언제든지 삭제될 수 있으며, 고객은 자료의 보존을 요구할 수 없다.",서비스의 핵심 급부인 자료의 보존 의무를 부인하고 임의 삭제를 허용하여 사업자의 채무 불이행 책임을 제한함.,제10조 제2호,회사는 고객의 서비스 이용 기간 중 핵심 강의 자료를 안정적으로 제공하고 보존해야 할 의무가 있습니다.
v-364,AI_Generated_Data,채무의 이행,회사는 고객에게 사전 통보 없이 계약된 최소 품질 기준을 현저히 하회하는 제품을 공급할 수 있다.,"최소 품질 기준을 하회하는 제품을 공급하는 것은 중대한 채무 불이행에 해당하며, 이에 대한 사업자 책임을 부당하게 제한함.",제10조 제2호,"회사는 계약된 최소 품질 기준 이상의 제품을 공급해야 하며, 이를 하회할 경우 하자 담보책임을 집니다."
v-365,AI_Generated_Data,채무의 이행,"고객이 구매한 소프트웨어에 중대한 버그가 발견되어 사용이 불가능하더라도, 회사는 환불 대신 수리 노력만 약속하며 책임을 면한다.",중대한 결함으로 사용이 불가능한 경우에도 환불/배상 의무를 배제하고 수리로만 한정하여 사업자의 책임을 제한함.,제10조 제2호,"소프트웨어에 중대한 버그가 발견되어 사용이 불가능할 경우, 고객은 환불, 교환, 손해배상 등 법률이 정하는 권리를 행사할 수 있습니다."
v-366,AI_Generated_Data,채무의 이행,"고객은 임대차 계약을 체결했더라도, 임대차 기간 중 임대인의 허가 없이는 주택을 실제 거주 목적으로 사용할 수 없다.",임대차 계약의 **본질적인 목적(거주)**을 임대인의 일방적인 허가를 조건으로 제한하여 고객의 권익을 심각하게 침해함.,제10조 제2호,고객은 임대차 계약의 목적에 따라 임차 기간 중 주택을 자유롭게 거주 목적으로 사용할 수 있습니다.
v-367,AI_Generated_Data,채무의 이행,"회사는 사업장의 운영 효율화를 이유로, 고객에게 제공하기로 약속한 가장 중요한 핵심 기능을 일방적으로 폐지할 수 있다.","핵심 기능의 폐지는 계약의 본질적 내용 변경 및 채무 불이행에 해당하며, 사업자의 책임을 부당하게 제한함.",제10조 제2호,"회사는 고객에게 제공하기로 약속한 핵심 기능을 일방적으로 폐지할 수 없으며, 변경 시에는 고객의 동의를 받아야 합니다."
v-368,AI_Generated_Data,채무의 이행,"고객이 상품 대금을 전액 지불했더라도, 회사는 상품의 소유권을 이전하지 않거나 그 이전을 무기한 지연할 수 있다.",대금 완납 후에도 소유권 이전 의무를 이행하지 않거나 무기한 지연하여 사업자의 가장 근본적인 급부 의무를 제한함.,제10조 제2호,"고객이 상품 대금을 전액 지불한 경우, 회사는 지체 없이 상품의 소유권을 고객에게 이전해야 합니다."
v-369,AI_Generated_Data,채무의 이행,고객은 회사의 귀책사유로 인해 서비스 이용이 불가능해진 경우에도 계약을 해지하거나 손해배상을 청구할 권리를 포기한다.,사업자의 귀책사유로 인한 불가능 사태에도 해지권 및 손해배상 청구권을 전면 포기하도록 강제하여 사업자의 책임을 부당하게 배제함.,제10조 제2호,"회사의 귀책사유로 인해 서비스 이용이 불가능해진 경우, 고객은 계약을 해지하고 손해배상을 청구할 수 있는 법률상 권리를 가집니다."
,,,,,,
v-370,AI_Generated_Data,일반원칙,본 서비스는 계약 기간 만료 시 고객에게 별도의 통지 없이 고객 명의의 다른 채무와 자동 상계 처리된다.,"고객의 채권에 대한 처분권을 침해하며, 통지 없이 고객 명의의 다른 채무와 임의로 상계하는 것은 부당함.",제6조 제2항 제1호,"회사는 고객의 채무와 상계하려면 관련 법령에 따라 상계의 대상, 금액 및 사유를 고객에게 사전에 명확히 통보해야 합니다."
v-371,AI_Generated_Data,일반원칙,"고객이 상품 대금 납부를 완료했더라도, 상품의 소유권은 회사와 무관한 제3자가 지정하는 시점에 고객에게 이전된다.",대금 완납이라는 조건 충족 후에도 소유권 이전을 회사와 무관한 제3자의 임의적 판단에 맡기는 것은 부당함.,제6조 제2항 제1호,"고객이 상품 대금 납부를 완료하면, 지체 없이 상품의 소유권은 고객에게 이전됩니다."
v-372,AI_Generated_Data,일반원칙,고객이 서비스를 이용하지 않은 기간에 대해서도 회사는 위약금을 포함한 정기 이용료 전액을 청구할 수 있다.,서비스를 이용하지 않은 기간에 대한 위약금까지 포함된 전액을 청구하는 것은 고객에게 과중한 부담을 지움.,제6조 제2항 제1호,고객이 서비스를 이용하지 않은 기간에 대해서는 이용하지 않은 기간만큼의 정기 이용료 및 위약금은 감면되어야 합니다.
v-373,AI_Generated_Data,일반원칙,"본 계약의 해석에 관하여 분쟁이 발생하면, 고객의 모국어가 아닌 제3국 언어를 기준으로 해석한다.",계약의 해석 기준을 고객의 모국어가 아닌 제3국 언어로 지정하여 고객의 이해 및 권리 주장을 현저히 어렵게 함.,제6조 제2항 제2호,"본 계약의 해석에 관하여 분쟁이 발생하면, 고객의 권익 보호를 위해 한국어를 기준으로 해석함을 원칙으로 합니다."
v-374,AI_Generated_Data,일반원칙,"고객이 서비스를 해지하더라도, 고객의 신상 정보 및 거래 기록은 영구적으로 비공개 제휴사에 공유된다.",서비스 해지 후에도 고객의 개인정보를 영구적으로 제3자와 공유하여 개인정보보호법상 비밀 유지 의무를 위반함.,제6조 제2항 제1호,"고객이 서비스를 해지할 경우, 회사는 고객의 신상 정보 및 거래 기록을 관련 법령이 정하는 기간 외에는 지체 없이 파기해야 합니다."
v-375,AI_Generated_Data,일반원칙,고객은 본 계약 체결로 인하여 회사가 체결한 다른 고객과의 모든 계약상 의무를 연대하여 부담하는 것에 동의한다.,고객이 회사와 다른 고객 간의 계약상 의무까지 연대하여 부담하도록 강제하는 것은 고객에게 예측 불가능한 과중한 채무를 지움.,제6조 제2항 제2호,"고객은 본인이 체결한 계약상 의무만을 부담하며, 회사가 다른 고객과 체결한 계약상 의무를 연대하여 부담하지 않습니다."
v-376,AI_Generated_Data,일반원칙,"고객이 대출금을 조기 상환할 경우, 남은 기간 동안의 이자 전액을 수수료 명목으로 추가 납부해야 한다.",대출금을 조기 상환했음에도 남은 기간의 이자 전액을 수수료 명목으로 납부하게 하는 것은 부당하게 과중한 의무를 지움.,제6조 제2항 제1호,"고객이 대출금을 조기 상환할 경우, 회사는 관련 법령이 정하는 범위 내의 수수료만을 청구할 수 있습니다."
v-377,AI_Generated_Data,일반원칙,"회사는 고객이 서비스를 6개월 이상 이용하지 않을 경우, 고객의 모든 예치금 또는 적립금을 사전 통보 없이 몰수한다.",고객의 자산인 예치금 또는 적립금을 사전 통보 없이 몰수하는 것은 고객의 권리를 일방적으로 박탈함.,제6조 제2항 제1호,"회사는 고객이 장기간 서비스를 이용하지 않을 경우, 사전에 통지하고 정당한 절차를 거쳐 환급 또는 소멸 처리합니다."
v-378,AI_Generated_Data,일반원칙,"고객의 단순 과실로 인해 회사의 시스템에 손해가 발생하면, 고객은 회사가 지정하는 불특정 다수 고객의 손해까지 배상해야 한다.",단순 과실을 이유로 불특정 다수 고객의 손해라는 예측 불가능한 과중한 손해배상 의무를 지움.,제6조 제2항 제2호,고객은 고객의 귀책사유로 인해 발생한 회사의 직접적인 손해를 배상할 책임이 있습니다.
v-379,AI_Generated_Data,일반원칙,"본 계약의 유효 기간은 고객의 연령이 만 80세에 도달하는 시점까지로 하며, 중도 해지는 원칙적으로 불가능하다.","만 80세라는 부당하게 긴 계약 기간을 정하고, 중도 해지를 원칙적으로 불가능하게 하여 고객의 권리를 침해함.",제6조 제2항 제1호,"본 계약의 유효 기간은 합리적인 기간으로 정하며, 고객은 계약 기간 중이라도 언제든지 계약을 해지할 수 있습니다."
,,,,,,
v-380,AI_Generated_Data,계약의 해제ㆍ해지,본 계약의 해제/해지 시 발생하는 모든 금전적 손실과 행정 비용은 고객이 전적으로 부담한다.,해지 시 발생하는 모든 금전적 손실 및 행정 비용을 고객에게 일방적으로 전가하여 사업자의 원상회복 의무 및 손해배상 의무를 부당하게 경감함.,제9조 제3호,본 계약의 해제/해지 시 발생하는 비용은 귀책사유의 비율 및 관련 법령에 따라 당사자가 합리적으로 분담합니다.
v-381,AI_Generated_Data,계약의 해제ㆍ해지,"고객이 정당하게 계약을 해지하더라도, 납부된 계약금 전액은 위약금 명목으로 반환되지 않는다.",위약금이 실손해액을 초과함에도 계약금 전액을 반환하지 않는 것은 고객에게 부당하게 과중한 위약금을 부담시키는 것임.,제9조 제2호,"고객이 계약을 해지하더라도, 납부된 계약금 중 법률상 손해배상액(위약금)을 초과하는 금액은 고객에게 반환되어야 합니다."
v-382,AI_Generated_Data,채무의 이행,회사는 고객에게 사전 통지 없이 서비스 제공 지역이나 시간을 임의로 축소하거나 변경할 수 있다.,"**서비스의 주요 내용(지역, 시간)**을 사전 통지 없이 임의로 축소/변경하여 고객의 권익에 중대한 영향을 미치는 사업자의 채무 불이행 책임을 제한함.",제10조 제2호,회사는 서비스 제공 지역이나 시간을 축소하거나 변경하려면 고객에게 사전에 명확히 통지하고 동의를 받아야 합니다.
v-383,AI_Generated_Data,고객의 권익 보호,고객이 회사에 대해 손해배상을 청구할 권리는 손해가 발생한 날로부터 3개월이 경과하면 자동 소멸된다.,"법률(민법, 상법 등)에 정해진 소멸시효나 제척기간을 3개월로 부당하게 단축하여 고객의 권리 행사를 제한함.",제11조 제3호,고객이 회사에 대해 손해배상을 청구할 권리는 관련 법령이 정하는 기간(소멸시효) 내에 행사할 수 있습니다.
v-384,AI_Generated_Data,면책조항의 금지,회사는 계약 불이행으로 인해 고객에게 손해가 발생했더라도 회사의 책임은 이용료 1회분을 초과할 수 없다.,배상 책임을 이용료 1회분으로 극히 낮게 제한하여 고객이 입은 실손해에 대한 배상 의무를 부당하게 경감함.,제7조 제2호,"회사는 계약 불이행으로 인해 고객에게 손해가 발생한 경우, 고객이 입은 실질적인 손해액을 배상할 책임이 있습니다."
v-385,AI_Generated_Data,고객의 권익 보호,"고객은 회사가 제공한 제품의 하자를 발견했더라도, 대금 지급을 모두 완료한 후에만 보수나 교환을 요구할 수 있다.",고객의 하자 항변권을 박탈하고 대금 완납을 보수·교환 요구의 선행 조건으로 강제하여 사업자 책임을 경감함.,제11조 제1호,"고객은 회사가 제공한 제품의 하자를 발견할 경우, 대금 지급 유보 등 법률이 정하는 항변권을 행사할 수 있습니다."
v-386,AI_Generated_Data,고객의 권익 보호,고객은 회사의 귀책사유로 인한 서비스 중단에 대해서도 어떠한 이의도 제기할 수 없다.,사업자의 귀책사유로 인한 불이익에 대해 고객의 법률상 이의제기권을 전면적으로 박탈함.,제11조 제2호,"고객은 회사의 귀책사유로 인한 서비스 중단에 대해 언제든지 이의를 제기할 수 있으며, 회사는 이에 대해 응답할 의무가 있습니다."
v-387,AI_Generated_Data,고객의 권익 보호,본 약관에 동의하는 것은 고객이 회사를 상대로 법원에 소송을 제기할 권리를 포기하는 것을 의미한다.,고객의 헌법상 보장된 재판 청구권을 약관 동의만으로 포기하도록 강제하여 고객의 권리 행사를 부당하게 제한함.,제11조 제2호,"본 약관은 고객의 법률상 소송 제기 권리에 영향을 미치지 않으며, 고객은 언제든지 법원에 소를 제기할 수 있습니다."
v-388,AI_Generated_Data,소송 제기의 금지 등,고객이 서비스 이용에 필요한 모든 기술적 환경 구성에 대한 책임과 비용을 회사의 요구 없이 전적으로 부담한다.,서비스 이용에 필수적인 기술 환경 구성 책임을 회사의 요구 없이 고객에게 전적으로 전가하여 사업자 책임을 부당하게 경감함.,제14조 제1호,"회사는 서비스 이용에 필요한 기술적 환경 정보를 고객에게 제공하며, 그 환경 구성 책임은 당사자의 역할 분담에 따라 합리적으로 분배됩니다."
v-389,AI_Generated_Data,소송 제기의 금지 등,본 계약의 관할 법원은 고객의 거주지와 무관하게 사업자 본사의 소재지 법원으로 한다.,고객에게 현저히 불리한 관할 법원을 지정하여 고객의 소송 제기를 현저히 곤란하게 하거나 부당하게 제한함.,제14조 제2호,본 계약의 관할 법원은 민사소송법에 따라 고객의 주소지를 관할하는 법원으로 합니다.
,,,,,,
v-390,AI_Generated_Data,소송 제기의 금지 등,"본 약관에 명시되지 않은 모든 사항은 회사의 판단에 따라 결정되며, 고객은 이에 대해 이의를 제기할 수 없다.",계약의 불명확한 사항에 대해 고객의 이의 제기권을 박탈하고 사업자의 일방적 판단에 맡기는 것은 부당함.,제14조 제2호,"본 약관에 명시되지 않은 사항은 관계 법령 및 건전한 사회 통념에 따라 당사자가 합리적으로 결정하며, 고객은 이에 대해 이의를 제기할 수 있습니다."
v-391,AI_Generated_Data,소송 제기의 금지 등,"고객이 회사의 서비스 이용 약관을 위반할 경우, 회사는 고객의 사전 동의 없이 모든 법적 조치를 취할 수 있다.",사전 동의 없이 '모든' 법적 조치를 취할 수 있다고 규정하는 것은 과도한 권리 행사이며 고객에게 불이익을 줄 우려가 있음.,제14조 제2호,"고객이 약관을 위반할 경우, 회사는 관련 법령 및 절차에 따라 필요한 법적 조치를 취할 수 있습니다."
v-392,AI_Generated_Data,면책조항의 금지,고객은 본 계약 체결로 인해 향후 발생할 수 있는 모든 종류의 불이익에 대해 회사를 상대로 책임을 물을 수 없다.,**향후 발생할 수 있는 '모든 종류의 불이익'**에 대한 사업자의 책임을 전면적으로 면제하는 것은 부당함.,제7조 제2호,"고객은 본 계약 체결로 인해 회사의 귀책사유로 불이익이 발생할 경우, 법률이 정하는 바에 따라 책임을 물을 수 있습니다."
v-393,AI_Generated_Data,면책조항의 금지,회사는 고객에게 서비스를 제공하는 동안 고객이 입는 모든 예측 가능한 손해에 대해서 면책된다.,"**'예측 가능한 손해'**는 사업자의 주의 의무 범위에 해당하며, 이에 대해 면책을 주장하여 책임을 부당하게 배제함.",제7조 제1호,회사는 서비스를 제공하는 동안 회사의 귀책사유로 발생한 손해에 대해 책임을 집니다.
v-394,AI_Generated_Data,계약의 해제ㆍ해지,"회사는 정기적인 서버 점검의 필요성을 이유로, 매일 새벽 2시간 동안 통보 없이 서비스 제공을 중지할 수 있다.",고객의 이익에 중대한 영향을 미치는 서비스 중지를 매일 통보 없이 할 수 있도록 하여 사업자의 채무 이행 책임을 제한함.,제9조 제4호,"회사는 서버 점검으로 서비스를 중지할 경우, 고객에게 사전에 통보해야 하며, 중지 기간을 최소화해야 합니다."
v-395,AI_Generated_Data,채무의 이행,"회사는 고객에게 최소한의 서비스 품질조차 보장하지 않으며, 품질 미달을 이유로 한 환불 요구는 거절된다.",최소한의 서비스 품질 보장을 거부하고 품질 미달 시 환불 요구를 거절하여 사업자의 담보책임을 부당하게 배제함.,제10조 제1호,"회사는 고객에게 계약된 최소한의 서비스 품질을 보장하며, 품질 미달 시 환불 또는 손해배상 책임을 집니다."
v-396,AI_Generated_Data,채무의 이행,"본 서비스는 **현 상태(AS IS)**로 제공되며, 회사는 성능이나 기능에 대한 일체의 보증을 하지 않는다.",서비스의 성능이나 기능에 대한 일체의 보증을 하지 않는다고 명시하여 사업자의 담보책임을 전면적으로 배제함.,제10조 제1호,"회사는 본 서비스의 계약된 성능 및 기능을 보증하며, 하자가 발생할 경우 그 책임을 집니다."
v-397,AI_Generated_Data,일반원칙,"회사는 약관의 내용을 고객에게 불리하게 변경할 때, 이를 홈페이지 공지 게시 1시간 후 즉시 시행한다.",고객에게 불리한 약관 변경을 1시간 후 즉시 시행하도록 하여 고객에게 상당한 기간 동안의 고지 의무를 위반함.,제6조 제2항 제1호,"회사는 약관을 고객에게 불리하게 변경할 경우, 30일 이상의 유예 기간을 두고 고객에게 명확히 통보합니다."
v-398,AI_Generated_Data,고객의 권익 보호,"고객은 회사가 지정하는 특수한 양식의 서류를 제출하지 않는 한, 정당한 권리 행사도 거부될 수 있다.",정당한 권리 행사에 대해 사업자가 지정하는 특수한 양식 제출을 강제하여 고객의 권리 행사를 부당하게 제한함.,제11조 제2호,"고객은 정당한 권리를 행사할 때 합리적인 방법으로 의사를 표시할 수 있으며, 회사는 서류 제출을 강제하지 않습니다."
v-399,AI_Generated_Data,고객의 권익 보호,"본 계약과 관련된 고객의 모든 의사 표시는 반드시 우편 등기로 이루어져야 하며, 전자우편이나 기타 통신 수단은 무효이다.",고객의 모든 의사표시 수단을 우편 등기로만 제한하고 다른 통신 수단을 무효화하여 고객의 권리 행사를 부당하게 제한함.,제11조 제2호,"고객의 의사표시는 우편, 전자우편, 기타 통신 수단 등 고객이 편리한 방법으로 이루어질 수 있으며, 그 내용이 명확히 전달되면 효력을 가집니다."